SCHOOLCODE,SCHOOLNAME,LON,LAT,LEVELTEXT,LEVEL,CLUSTER,WARD,FORTYFORTY,YEAR,ATRISKPCT,ATRISKENROLLMENT,ECEENROLLMENT,ELLENROLLMENT,SPEDENROLLMENT,TOTALENROLLMENT,AMT_ENROLLMENT,AMT_SPED,AMT_ELL,AMT_ASPECR,AMT_TITLE,AMT_SPECIALTY,AMT_PPFM,AMT_STABILIZATION,AMT_ATRISK_ENROLLMENT,AMT_ATRISK_SPED,AMT_ATRISK_ELL,AMT_ATRISK_SPECIALTY,AMT_ATRISK_ASPECR,AMT_ATRISK_STABILIZATION,AMT_ATRISK_FLEX,AMT_ATRISK,AMT_TOTAL
202,Aiton ES,-76.93370092,38.89700148,Elementary,es,4,7,TRUE,2015,0.732793522,180,82,2,22,245,2643688.559,425637.9825,8516.35125,63926.876,107065.0128,0,0,0,124500,30861,0,0,0,0,0,155361,3404195.782
203,Amidon-Bowen ES,-77.0181253,38.87951507,Elementary,es,3,6,TRUE,2015,0.728070175,271,65,11,57,372,2953502.445,464623.715,47313.0625,63926.876,148243.8639,0,0,0,137200,259122,0,0,0,0,0,396322,4073931.962
450,Anacostia HS,-76.98307725,38.87008373,High,hs,8,8,TRUE,2015,0.790945406,612,0,3,227,774,5296931.376,3231225.225,13247.6575,0,325529.6543,0,0,0,293171,123444,0,0,97104,0,0,513719,9380652.913
452,Ballou HS,-77.00097526,38.83938233,High,hs,8,8,TRUE,2015,0.716814159,470,0,2,208,655,4597757.494,3190220.15,8516.35125,0,293886.9582,0,0,0,265087,30861,0,947100,80920,984894.0173,0,2308862.017,10399242.97
462,Ballou STAY,-77.00097526,38.83938233,STAY,other,8,8,FALSE,2015,NA,NA,0,0,38,485,2179758.425,473130.625,0,0,15675,0,0,0,237752,0,0,0,0,0,0,237752,2906316.05
204,Bancroft ES,-77.04055344,38.93431802,Elementary,es,3,1,FALSE,2015,0.320408163,161,110,288,66,504,4219389.031,693064.295,1355447.17,119037.217,147982.5703,0,0,0,50400,0,0,0,0,0,0,50400,6585320.284
205,Barnard ES,-77.01777708,38.94823061,Elementary,es,5,4,FALSE,2015,0.442538594,268,144,204,87,605,4837863.521,1272288.958,882316.545,174147.558,252708.1071,0,0,0,155126,0,0,0,0,0,0,155126,7574450.688
206,Beers ES,-76.95560475,38.86434951,Elementary,es,2,7,FALSE,2015,0.59478673,259,99,3,104,435,3865476.64,1442327.7,13247.6575,77704.46125,182920.7911,0,0,0,43500,0,0,0,0,0,0,43500,5625177.25
402,Benjamin Banneker HS,-77.02397697,38.92383242,High,hs,9,1,FALSE,2015,0.225581395,100,0,5,6,445,3000915.913,219933.67,21764.00875,0,111413.9149,690480,0,0,163167,0,0,0,0,0,0,163167,4207674.507
212,Brent ES,-77.00145985,38.88480087,Elementary,es,4,6,FALSE,2015,0.055710306,20,68,6,32,363,3219692.396,378504.5,25549.05375,0,8975,0,0,0,36300,0,0,0,0,0,0,36300,3669020.95
213,Brightwood EC,-77.03068885,38.96053539,Education Campus,campus,6,4,FALSE,2015,0.458536585,291,87,401,68,635,4701623.173,709695.9375,1639325.545,91482.0465,266578.878,0,0,0,825357,0,0,0,0,0,0,825357,8234062.58
404,Browne EC,-76.97066706,38.90259855,Education Campus,campus,6,5,TRUE,2015,0.679083095,236,72,16,59,348,3518878.05,840725.805,94626.125,50149.29075,151278.095,0,0,0,587335,133635,0,0,0,0,0,720970,5376627.366
296,Bruce-Monroe ES @ Park View,-77.02118567,38.93441376,Elementary,es,3,1,FALSE,2015,0.541935484,255,101,313,52,470,4393460.384,567756.75,1402760.233,91482.0465,201559.6395,0,0,0,47000,0,0,0,0,0,0,47000,6704019.052
221,Burrville ES,-76.92445918,38.90056543,Elementary,es,4,7,FALSE,2015,0.553672316,191,97,1,28,345,3212305.107,386808.5625,4731.30625,50149.29075,153445.4029,0,0,0,34500,39009,0,0,0,0,0,73509,3880948.669
247,C.W. Harris ES,-76.9261155,38.8835985,Elementary,es,4,7,TRUE,2015,0.695167286,194,55,2,75,279,2313040.75,1099691.878,8516.35125,0,116601.1678,0,0,0,222526,0,0,0,0,216672.0674,0,439198.0674,3977048.214
360,Capitol Hill Montessori,-77.0025627,38.89852997,Education Campus,campus,2,6,FALSE,2015,0.101,33,129,4,13,330,2621275.283,189252.25,17032.7025,0,7200,100000,0,0,636827,0,0,0,0,0,0,636827,3571587.236
454,Cardozo EC,-77.02847079,38.9221722,Education Campus,campus,8,1,TRUE,2015,0.644640235,462,0,245,215,717,4779141.657,2772144.753,1386128.59,23552,295187.3429,0,0,0,1145124,407322,0,0,25000,0,0,1577446,10833600.34
947,CHOICE Academy,-77.00677595,38.91350276,Alternative,other,7,5,FALSE,2015,NA,NA,0,2,6,27,735852.8121,141939.1875,0,0,15675,37000,0,0,10000,0,0,0,0,0,0,10000,940466.9996
224,Cleveland ES,-77.02270718,38.91514495,Elementary,es,3,1,FALSE,2015,0.511551155,159,80,53,29,311,2712835.675,378504.5,189252.25,63926.876,131338.8618,0,0,0,125726,0,0,0,0,20109.01258,0,145835.0126,3621693.176
442,Columbia Heights EC (CHEC),-77.03585831,38.92954443,Education Campus,campus,9,1,FALSE,2015,0.421800948,538,0,367,131,1275,7435238.591,1645071.265,2301708.42,0,457040.2189,360000,0,0,870601,0,0,0,52598,0,0,923199,13122257.49
455,Coolidge HS,-77.01957825,38.96728422,High,hs,9,4,TRUE,2015,0.581986143,239,0,46,98,410,3197588.264,1759469.375,189252.25,0,187688.8686,0,0,0,81460,117027,0,0,40460,121513.247,0,360460.247,5694459.004
405,Deal MS,-77.07519907,38.95289641,Middle,ms,7,3,FALSE,2015,0.084935897,111,0,47,131,1310,7524534.198,1324765.75,189252.25,0,31200,0,2207738.802,0,874069,0,0,0,0,0,0,874069,12151560
231,Drew ES,-76.91992701,38.89599364,Elementary,es,2,7,TRUE,2015,0.767857143,130,51,0,23,169,2142538.924,283878.375,0,36371.7055,72821.54716,45458.79,0,0,116900,0,0,0,0,0,0,116900,2697969.341
467,Dunbar HS,-77.01469386,38.90852322,High,hs,9,5,TRUE,2015,0.657643312,411,0,3,157,625,4312839.246,1934695.485,13247.6575,0,272213.8787,0,0,0,418344,94626,0,0,56644,0,0,569614,7102610.268
457,Eastern HS,-76.97968429,38.89040233,High,hs,9,6,FALSE,2015,0.59642401,614,0,8,274,1030,6651311.752,2742158.375,37850.45,0,339400.4251,0,0,0,163690,473130,0,0,60690,0,0,697510,10468231
232,Eaton ES,-77.06582114,38.93272674,Elementary,es,5,3,FALSE,2015,0.059574468,28,36,48,39,477,3571254.191,473130.625,189252.25,0,11750,0,131564.9337,0,47700,0,0,0,0,0,0,47700,4424652
471,Ellington School of the Arts,-77.07030757,38.91344604,Art,hs,8,2,FALSE,2015,0.214417745,110,0,8,25,515,3567283.497,283878.375,34065.405,0,13525,2289744.39,0,0,51500,0,0,0,0,0,0,51500,6239996.667
407,Eliot-Hine MS,-76.97897792,38.89243116,Middle,ms,7,6,TRUE,2015,0.70890411,195,0,1,59,275,2168246.342,943476.35,18925.225,0,126570.7843,0,0,0,729297,156192,0,0,0,0,0,885489,4142707.702
238,Garfield ES,-76.97080478,38.85173304,Elementary,es,1,8,TRUE,2015,0.770676692,213,50,0,37,276,2370849.893,377786.43,0,0,115300.783,0,0,0,127600,312696,0,0,0,0,0,440296,3304233.106
239,Garrison ES,-77.02861256,38.91390096,Elementary,es,3,2,FALSE,2015,0.535714286,155,85,32,74,289,2681793.072,1191712.61,141939.1875,50149.29075,121369.2453,0,0,0,28900,0,0,0,0,0,0,28900,4215863.406
227,H.D. Cooke ES,-77.03881058,38.92394275,Elementary,es,1,1,TRUE,2015,0.537878788,222,90,180,37,413,3791315.634,473130.625,851635.125,91482.0465,171650.7897,0,0,0,141300,0,0,0,0,0,0,141300,5520514.221
246,Hardy MS,-77.0686139,38.9155087,Middle,ms,7,2,FALSE,2015,0.269541779,108,0,19,52,400,2675126.063,832421.6175,94626.125,0,88496.57927,146624,0,0,738453,0,0,0,0,0,0,738453,4575747.385
413,Hart MS,-76.99717875,38.83773754,Middle,ms,7,8,TRUE,2015,0.762923351,438,0,0,159,574,3718078.988,1705716.16,0,63926.876,243171.9521,125307,0,0,917854,407322,0,0,0,0,0,1325176,7181376.976
258,Hearst ES,-77.07195522,38.94072231,Elementary,es,4,3,FALSE,2015,0.146341463,43,43,23,30,293,2597145.932,751845.27,94626.125,0,7175,0,0,0,29300,0,0,0,0,0,0,29300,3480092.327
249,Hendley ES,-76.99918485,38.82898558,Elementary,es,1,8,FALSE,2015,0.83109405,443,70,0,75,533,4230621.702,718000,0,91482.0465,225833.4885,0,0,0,53300,39009,0,0,0,0,0,92309,5358246.237
251,Houston ES,-76.92994765,38.90541499,Elementary,es,2,7,FALSE,2015,0.678832117,191,53,2,44,282,2378278.64,644853.5825,8516.35125,50149.29075,118768.4757,0,0,0,28200,343557,0,0,0,0,0,371757,3572323.34
252,Hyde-Addison ES,-77.06453782,38.90801923,Elementary,es,5,2,FALSE,2015,0.065868264,22,20,24,29,341,2796351.726,551125.1075,141939.1875,0,8350,0,0,0,34100,0,0,0,0,0,0,34100,3531866.021
950,Incarcerated Youth Program,-76.97637892,38.88343057,Alternative,other,8,7,FALSE,2015,NA,NA,0,0,15,24,487867.1156,473130.625,0,0,15675,0,0,0,18092,0,0,0,8092,0,0,26184,1002856.741
339,J.O. Wilson ES,-76.99658902,38.90275767,Elementary,es,3,6,FALSE,2015,0.484988453,224,116,6,63,462,3921591.832,801740.1975,25549.05375,105259.6318,187688.8686,0,0,0,140826,0,0,0,0,0,0,140826,5182655.583
254,Janney ES,-77.08099483,38.94755009,Elementary,es,5,3,FALSE,2015,0.011164274,8,80,30,41,672,4954052.858,567756.75,141939.1875,0,15675,0,864355.0618,0,67200,0,0,0,0,0,0,67200,6610978.857
433,Jefferson MS,-77.02291066,38.8798706,Middle,ms,7,6,FALSE,2015,0.625,192,0,2,78,307,2341168.966,951803.9925,8516.35125,36371.7055,129605.0155,0,0,0,882436,164496,0,0,0,0,0,1046932,4514398.03
416,Johnson MS,-76.98370368,38.85133657,Middle,ms,7,8,TRUE,2015,0.760147602,215,0,3,70,283,2174821.362,952007.0325,13247.6575,0,117468.091,0,0,0,656168,47313,0,0,0,0,0,703481,3961025.143
421,Kelly Miller MS,-76.93245507,38.89331503,Middle,ms,7,7,TRUE,2015,0.721247563,411,0,5,110,570,3495064.829,1422376.15,21764.00875,0,222365.7958,90215,0,0,1062090,30861,0,0,0,0,0,1092951,6344736.783
257,Ketcham ES,-76.98362116,38.86604236,Elementary,es,3,8,TRUE,2015,0.777777778,247,70,0,32,318,2819767.513,378504.625,0,50149.29075,132639.2466,0,0,0,131800,94626,0,0,0,0,0,226426,3607486.675
272,Key ES,-77.10052732,38.9268015,Elementary,es,2,3,FALSE,2015,0.028871391,11,40,37,26,391,3258813.693,378504.5,141939.1875,0,9525,0,0,0,39100,0,0,0,0,0,0,39100,3827882.38
259,Kimball ES,-76.95757271,38.88308276,Elementary,es,3,7,TRUE,2015,0.712121212,246,70,0,35,345,3037999.936,425817.5625,0,77704.46125,143042.3248,0,0,0,134500,0,0,0,0,0,0,134500,3819064.284
344,"King, M.L. ES",-76.99823899,38.84244285,Elementary,es,1,8,TRUE,2015,0.809756098,334,90,0,38,412,3876649.909,473130.625,0,63926.876,177719.252,0,0,0,141200,0,0,0,0,42010.2802,0,183210.2802,4774636.942
417,Kramer MS,-76.98017131,38.87128607,Middle,ms,7,8,TRUE,2015,0.79076087,293,0,0,86,371,2440319.734,1048855.925,0,0,159513.8652,0,0,0,897554,156348,0,0,0,0,0,1053902,4702591.524
261,Lafayette ES,-77.06803712,38.96662722,Elementary,es,4,4,FALSE,2015,0.034833091,24,80,18,37,700,5068351.667,359579.275,94626.125,0,17225,0,883417.9329,0,70000,0,0,0,0,0,0,70000,6493200
370,Langley ES,-77.00589039,38.91516256,Elementary,es,4,5,FALSE,2015,0.575,167,70,9,76,291,2456472.479,1113382.62,86109.77375,50149.29075,121369.2453,0,0,0,123726,156348,0,0,0,0,0,280074,4107557.409
264,LaSalle-Backus EC,-76.99988254,38.95997181,Education Campus,campus,6,4,TRUE,2015,0.578947368,207,51,98,63,357,3493779.028,1163636.645,378504.5,50149.29075,148243.8639,0,0,0,352952,47313,0,0,0,0,0,400265,5634578.328
266,Leckie ES,-77.01289191,38.82819645,Elementary,es,2,8,FALSE,2015,0.526737968,212,105,1,40,402,3650783.598,283878.5,4731.30625,77704.46125,162114.6347,0,0,0,40200,94626,0,0,0,0,0,134826,4314038.5
271,Ludlow-Taylor ES,-76.99649249,38.89874381,Elementary,es,1,6,FALSE,2015,0.371237458,125,106,5,58,336,3138107.337,1049773.423,21764.00875,119037.217,129605.0155,0,0,0,33600,0,0,0,0,0,0,33600,4491887
884,Luke Moore HS,-76.99231633,38.93227605,Alternative,other,9,5,TRUE,2015,NA,NA,0,2,30,382,2864979.322,542821.05,8516.35125,-11500,157780.0188,0,118667,0,130620,0,0,0,92420,0,0,223040,3904303.743
308,Malcolm X ES,-76.98339858,38.84164506,Elementary,es,2,8,TRUE,2015,0.76,166,66,0,28,218,2167660.7,495507.9875,0,0,97528.8578,0,0,0,121800,0,0,0,0,0,0,121800,2882497.545
273,Mann ES,-77.08782619,38.93429197,Elementary,es,5,3,FALSE,2015,0.006968641,2,40,35,15,301,2729564.423,208177.475,141939.1875,0,7175,0,0,0,30100,0,0,0,0,0,0,30100,3116956.086
284,Marie Reed ES,-77.04052995,38.91916731,Elementary,es,3,1,FALSE,2015,0.355437666,139,96,233,34,390,3671926.497,425817.5625,1088200.438,105259.6318,163415.0195,0,0,0,39000,0,0,0,0,0,0,39000,5493619.148
274,Maury ES,-76.9886575,38.89218486,Elementary,es,5,6,FALSE,2015,0.197640118,72,86,2,25,362,3070535.328,283878.375,8516.35125,45000,8475,49626.125,0,0,36200,0,0,0,0,0,0,36200,3502231.179
280,Miner ES,-76.98290432,38.89737568,Elementary,es,5,6,FALSE,2015,0.720657277,294,105,6,58,408,3635878.808,787510.84,21764.00875,77704.46125,184654.6374,0,0,0,40800,30861,0,0,0,502155.4184,0,573816.4184,5281329.173
285,Moten ES,-76.98294365,38.85665719,Elementary,es,4,8,TRUE,2015,0.798342541,319,87,2,43,400,3587902.451,503632.715,8516.35125,50149.29075,156913.0957,0,0,0,140000,220113,0,0,0,0,0,360113,4667226.903
287,Murch ES,-77.07007921,38.95293319,Elementary,es,1,3,FALSE,2015,0.036741214,25,60,73,31,680,4493706.835,534493.465,283878.375,0,15650,0,722699.3253,0,257252,0,0,0,0,0,0,257252,6307680
288,Nalle ES,-76.93079651,38.88595408,Elementary,es,2,7,TRUE,2015,0.720867209,274,107,9,40,380,3645252.838,425817.5625,38796.71125,0,159947.3268,0,0,0,138000,0,0,0,0,0,0,138000,4407814.438
291,Orr ES,-76.97448402,38.87179682,Elementary,es,5,8,TRUE,2015,0.721126761,268,106,0,48,372,3178030.926,475173.75,0,0,153878.8645,0,0,0,137200,92583,0,0,0,36131.12927,0,265914.1293,4072997.669
292,Oyster-Adams Bilingual School,-77.04437725,38.9173092,Education Campus,campus,3,3,FALSE,2015,0.066565809,44,46,108,78,657,5488080.888,1260821.045,567756.75,0,16525,500000,0,0,756203,0,0,0,0,0,0,756203,8589386.683
294,Patterson ES,-77.00848471,38.82696603,Elementary,es,3,8,TRUE,2015,0.775280899,290,79,1,83,374,3070438.553,1018912.673,4731.30625,77704.46125,154312.3261,0,0,0,137400,220113,0,0,0,0,0,357513,4683612.319
295,Payne ES,-76.98419491,38.88513231,Elementary,es,2,6,FALSE,2015,0.546511628,152,79,4,42,279,2598667.329,988254.78,17032.7025,63926.876,111833.0903,0,0,0,27900,220113,0,0,0,0,0,248013,4027727.778
301,Peabody ES,-76.99985799,38.89289599,Elementary,es,2,6,FALSE,2015,0.070175439,16,141,5,10,229,2351544.112,141939.1875,17032.7025,0,5700,0,0,0,22900,0,0,0,0,0,0,22900,2539116.002
478,Phelps ACE HS,-76.97189763,38.90199169,High,hs,8,5,FALSE,2015,0.470219436,166,0,15,40,354,2918985.185,565198.4125,47313.0625,0,98741.10661,0,0,0,59676,0,0,0,24276,428142.4963,0,512094.4963,4142332.263
299,Plummer ES,-76.93993468,38.88723986,Elementary,es,1,7,FALSE,2015,0.771634615,335,76,22,85,434,3759223.383,902088.52,94626.125,50149.29075,180320.0215,0,0,0,43400,39009,0,0,0,0,0,82409,5068816.341
300,Powell ES,-77.03122742,38.94153401,Elementary,es,3,4,FALSE,2015,0.445812808,194,88,251,49,435,3974882.584,662382.875,1355447.17,91482.0465,175985.4056,0,0,0,43500,0,0,0,0,0,0,43500,6303680.081
316,Randle Highlands ES,-76.96435628,38.8700914,Elementary,es,2,7,FALSE,2015,0.647761194,212,83,2,49,328,3126362.605,520443.6875,8516.35125,77704.46125,145209.6327,0,0,0,32800,0,0,0,0,72700.94956,0,105500.9496,3983737.688
302,Raymond EC,-77.02643266,38.93581087,Education Campus,campus,6,4,FALSE,2015,0.454880295,252,105,232,88,553,4180532.315,662383,1118881.858,77704.46125,235369.6435,0,0,0,751056,94626,0,0,0,0,0,845682,7120553.277
459,Roosevelt HS,-77.02777634,38.94360818,High,hs,9,4,TRUE,2015,0.696347032,301,0,107,113,432,3215113.087,1792373.495,567756.75,-10000,189856.1765,0,0,0,109844,139740,0,0,66644,0,0,316228,6071327.508
456,Roosevelt STAY,-77.02777634,38.94360818,STAY,other,9,4,FALSE,2015,NA,NA,0,39,38,655,2753080.438,331191.4375,94626.125,0,15675,0,0,0,254752,0,0,0,0,0,0,254752,3449325.001
305,Ross ES,-77.03966215,38.91239081,Elementary,es,4,2,FALSE,2015,0.074534162,13,35,34,8,168,1793615.412,160864.4125,141939.1875,0,4025,0,0,0,111426,0,0,0,0,0,0,111426,2211870.012
307,Savoy ES,-76.99360426,38.86285165,Elementary,es,1,8,TRUE,2015,0.730392157,306,70,6,40,419,3596579.001,473130.625,21764.00875,63926.876,176852.3288,0,0,0,141900,0,0,0,0,0,0,141900,4474152.839
175,School-Within-School,-76.99318302,38.89756466,Elementary,es,1,6,FALSE,2015,0.078,19,72,0,34,243,2197472.895,737795.4925,0,0,5125,0,0,0,24300,0,0,0,0,0,0,24300,2964693.388
466,School Without Walls HS,-77.04818647,38.89812379,High,hs,9,2,FALSE,2015,0.085470086,50,0,0,5,585,3133444.119,274271.6213,0,0,14625,495436,769340.2598,0,739343,0,0,0,0,0,0,739343,5426460
409,School Without Walls @ Francis-Stevens EC,-77.052321,38.90746917,Education Campus,campus,9,2,FALSE,2015,NA,NA,64,25,42,324,2837265.344,1254378.146,94626.125,50149.29075,76179.73767,0,0,0,,,0,,,,0,0,4312598.644
309,Seaton ES,-77.02488247,38.91061836,Elementary,es,4,6,FALSE,2015,0.513833992,143,97,126,37,278,2551322.261,626537.85,567756.75,63926.876,109665.7823,0,0,0,146467,94626,0,0,0,0,0,241093,4160302.519
313,Shepherd ES,-77.03399523,38.98460295,Elementary,es,1,4,FALSE,2015,0.15131579,49,54,5,27,321,3008218.787,283878.375,21764.00875,0,7600,0,0,0,32100,0,0,0,0,0,0,32100,3353561.171
315,Simon ES,-77.000195,38.8359802,Elementary,es,4,8,TRUE,2015,0.760135135,236,51,2,46,310,2716069.259,425817.5625,8516.35125,0,128304.6307,47313,0,0,131000,0,0,0,0,0,0,131000,3457020.803
322,Smothers ES,-76.93846864,38.8935537,Elementary,es,5,7,TRUE,2015,0.710344828,216,73,3,44,304,2835854.253,581806.5275,0,50149.29075,125703.8612,0,0,0,130400,0,0,0,0,0,0,130400,3723913.932
427,Sousa MS,-76.95315885,38.88389408,Middle,ms,7,7,FALSE,2015,0.708474576,203,0,0,59,286,2349331.421,732049.7775,0,0,127871.1691,0,0,0,464519,39009,0,0,0,0,0,503528,3712780.367
319,Stanton ES,-76.96849023,38.85927177,Elementary,es,2,8,TRUE,2015,0.830769231,504,90,1,80,607,4718583.625,757009,4731.30625,63926.876,253575.0303,0,0,0,160700,0,0,0,0,0,0,160700,5958525.838
321,Stoddert ES,-77.0790738,38.92304431,Elementary,es,5,3,FALSE,2015,0.036745407,16,40,73,23,429,3624639.917,331191.4375,331191.4375,0,9525,0,0,0,42900,0,0,0,0,0,0,42900,4339447.792
428,Stuart-Hobson MS,-77.00000438,38.89629737,Middle,ms,7,6,FALSE,2015,0.304556355,129,0,3,52,424,2527749.867,551125.1075,13247.6575,0,99546.36794,0,0,0,1235327,0,0,0,0,0,0,1235327,4426996
324,Takoma EC,-77.02279493,38.97504254,Education Campus,campus,6,4,FALSE,2015,0.466063348,213,73,115,81,458,3903474.352,1300388.513,567756.75,77704.46125,191590.0229,0,0,0,287739,0,0,0,0,0,0,287739,6328653.098
325,Thomas ES,-76.95211091,38.90127864,Elementary,es,1,7,TRUE,2015,0.743961353,324,84,1,82,435,3651826.915,762551.7425,4731.30625,63926.876,179453.0984,0,0,0,143500,164496,0,0,0,0,0,307996,4970485.939
326,Thomson ES,-77.02843003,38.903496,Elementary,es,1,2,FALSE,2015,0.415224914,116,67,189,44,280,2677141.842,378504.5,757009,77704.46125,125270.3996,0,0,0,28000,0,0,0,0,0,0,28000,4043630.203
327,Truesdell EC,-77.02507158,38.95396836,Education Campus,campus,6,4,FALSE,2015,0.53125,257,82,256,84,484,4276621.315,851635.125,1213507.983,50149.29075,208061.5633,0,0,0,365652,0,0,0,0,0,0,365652,6965627.277
328,Tubman ES,-77.0294433,38.92919824,Elementary,es,4,1,FALSE,2015,0.63064833,332,69,179,71,527,4462615.052,896366.4475,898948.1875,77704.46125,220631.9494,0,0,0,52700,94626,0,0,0,0,0,147326,6703592.097
329,Turner ES,-76.98030993,38.84763494,Elementary,es,1,8,TRUE,2015,0.779156328,332,87,0,39,426,3967926.27,403260.625,0,63926.876,174685.0209,0,0,0,142600,69870,0,0,0,0,0,212470,4822268.792
330,Tyler ES,-76.99204166,38.88108402,Elementary,es,3,6,TRUE,2015,0.402366864,221,144,6,71,549,4623378.196,1191712.61,21764.00875,63926.876,219765.0262,0,0,0,249526,0,0,0,0,0,0,249526,6370072.717
332,Walker-Jones EC,-77.01391586,38.90419176,Education Campus,campus,5,6,TRUE,2015,0.718061674,331,86,12,110,461,3985286.617,1444730.11,47313.0625,91482.0465,196791.562,0,0,0,316039,125487,0,0,0,0,0,441526,6207129.398
474,Washington Metropolitan HS,-77.01558467,38.92042978,High,hs,8,1,TRUE,2015,NA,NA,0,4,46,304,2647190.683,857404.3725,17032.7025,0,121369.2453,0,0,0,70860,0,0,0,40460,0,0,111320,3754317.003
333,Watkins ES,-76.98999677,38.88346667,Elementary,es,2,6,FALSE,2015,0.214678899,112,0,3,39,523,3591382.708,473130.625,13247.6575,63926.876,93652.73392,0,379176.3998,0,146926,0,0,0,0,0,0,146926,4761443
336,West EC,-77.03225306,38.95136708,Education Campus,campus,6,4,FALSE,2015,0.341085271,93,70,14,29,273,2909804.605,283878.5,94626.125,50149.29075,69989.04721,0,0,0,145300,94626,0,0,0,0,0,239926,3648373.568
335,Wheatley EC,-76.98850077,38.90411741,Education Campus,campus,5,5,TRUE,2015,0.780542986,340,68,3,75,435,3766877.026,851635.125,13247.6575,77704.46125,191590.0229,0,0,0,550004,0,0,0,0,0,0,550004,5451058.293
338,Whittier EC,-77.0192386,38.96585694,Education Campus,campus,6,4,FALSE,2015,0.560773481,195,51,39,83,348,2921916.752,933759.4825,141939.1875,50149.29075,156913.0957,0,0,0,611376,561627,0,0,0,0,0,1173003,5377680.809
463,Wilson HS,-77.0777752,38.95015581,High,hs,8,3,FALSE,2015,0.201061321,343,0,80,184,1708,9874593.513,2235181.85,473130.625,0,42400,0,2976946.012,0,243628,0,0,0,72828,0,0,316456,15918708
464,"Woodson, H.D. HS",-76.92232214,38.89678282,High,hs,9,7,TRUE,2015,0.68503937,499,0,7,213,729,5007079.582,2786330.49,30280.36,0,330297.7318,0,0,0,145728,39009,0,0,72828,0,0,257565,8411553.164
861,Youth Services Center,-76.98858584,38.91213926,Alternative,other,8,5,FALSE,2015,NA,NA,0,1,32,70,1296442.064,709695.9375,0,8092,15675,0,0,0,10000,0,0,0,0,0,0,10000,2039905.001
202,Aiton ES,-76.93370092,38.89700148,Elementary,es,4,7,TRUE,2016,0.82,217,79,1,50,265,2539741.442,582219.8122,0,46497.9585,113520.9526,0,0,0,339940,93040,0,0,0,0,0,432980,3714960.165
203,Amidon-Bowen ES,-77.0181253,38.87951507,Elementary,es,3,6,TRUE,2016,0.74,271,68,7,75,366,3045275.9,792279.6245,29637.51791,0,149876.2192,0,0,0,379830,93040,0,0,0,0,0,472870,4489939.262
450,Anacostia HS,-76.98307725,38.87008373,High,hs,8,8,TRUE,2016,0.89,566,0,0,220,636,4646789.895,3276039.125,0,0,286636.9806,0,0,0,961938.6,0,0,0,97104,0,0,1059042.6,9268508.6
452,Ballou HS,-77.00097526,38.83938233,High,hs,8,8,TRUE,2016,0.85,695,0,2,270,818,5801484.873,3497100.315,8459.865373,0,327397.3999,301747,0,0,1219494.5,0,0,0,80920,0,0,1300414.5,11236603.95
462,Ballou STAY,-77.00097526,38.83938233,STAY,other,8,8,FALSE,2016,NA,NA,0,0,45,485,2319411.685,279120,0,0,14775,0,0,240733.5624,0,0,0,0,0,0,0,0,2854040.248
204,Bancroft ES,-77.04055344,38.93431802,Elementary,es,3,1,FALSE,2016,0.36,186,115,295,56,516,4077936.454,675259.8122,1349080,110359.256,156842.3261,0,0,0,218185,0,93040,0,0,0,0,311225,6680702.849
205,Barnard ES,-77.01777708,38.94823061,Elementary,es,5,4,FALSE,2016,0.47,298,139,193,70,634,4631760.545,1122238.498,837360,238081.851,261207.0955,0,0,0,369691.8279,46520,93040,0,0,0,0,509251.8279,7599899.817
206,Beers ES,-76.95560475,38.86434951,Elementary,es,2,7,FALSE,2016,0.55,239,101,1,96,434,3554053.422,1356278.122,0,0,190198.6232,0,0,0,412900,0,0,0,0,0,0,412900,5513430.168
402,Benjamin Banneker HS,-77.02397697,38.92383242,High,hs,9,1,FALSE,2016,0.25,114,0,7,10,454,3236235.803,210059.8122,29627.20614,0,98784.23532,601311,0,0,122265.3,0,0,89169,0,0,0,211434.3,4387452.356
212,Brent ES,-77.00145985,38.88480087,Elementary,es,4,6,FALSE,2016,0.06,23,66,5,33,380,3228538.687,511720,21165.44676,0,9200,0,0,0,49270,0,0,0,0,0,0,49270,3819894.133
213,Brightwood EC,-77.03068885,38.96053539,Education Campus,campus,6,4,FALSE,2016,0.47,315,87,408,66,670,5130642.38,697800,2117379.812,97586.9965,277413.6602,0,0,0,494485.4,93040,0,0,0,0,0,587525.4,8908348.249
404,Browne EC,-76.97066706,38.90259855,Education Campus,campus,6,5,TRUE,2016,0.68,228,71,24,55,336,3654648.087,886759.2489,93040,46497.9585,152967.3261,0,0,14717.37672,445246,0,0,0,0,0,0,445246,5293875.997
296,Bruce-Monroe ES @ Park View,-77.02118567,38.93441376,Elementary,es,3,1,FALSE,2016,0.51,244,100,303,52,478,4092908.606,604760,1581680,97586.9965,201612.02,0,0,0,276540.9279,139560,0,0,0,0,0,416100.9279,6994648.55
221,Burrville ES,-76.92445918,38.90056543,Elementary,es,4,7,FALSE,2016,0.68,257,99,2,27,378,3169175.078,372160,8460.286262,0,156033.4329,0,0,0,264817,0,0,0,0,0,162567.3279,427384.3279,4133213.125
247,C.W. Harris ES,-76.9261155,38.8835985,Elementary,es,4,7,TRUE,2016,0.79,244,56,2,70,309,2662208.386,1111666.709,8460.286262,0,126223.3951,0,0,0,419440,0,0,0,0,0,0,419440,4327998.777
360,Capitol Hill Montessori,-77.0025627,38.89852997,Education Campus,campus,2,6,FALSE,2016,0.08,27,126,3,10,339,3157545.7,186080,12694.21739,0,7750,0,0,0,63900,0,0,0,0,0,0,63900,3427969.918
454,Cardozo EC,-77.02847079,38.9221722,Education Campus,campus,8,1,TRUE,2016,0.73,616,0,334,198,844,6382674.95,2949432.104,1722679.624,1592,338785.7967,0,0,0,1105637.6,0,0,0,46960,0,0,1152597.6,12547762.08
947,CHOICE Academy,-77.00677595,38.91350276,Alternative,other,7,5,FALSE,2016,NA,NA,0,0,10,9,813744.5555,186080,0,0,125,0,0,0,0,0,0,0,0,0,0,0,999949.5555
224,Cleveland ES,-77.02270718,38.91514495,Elementary,es,3,1,FALSE,2016,0.44,139,81,50,31,317,2878822.957,279120,186080,59270.218,133669.6546,0,0,0,210779.5279,0,0,0,0,0,0,210779.5279,3747742.358
442,Columbia Heights EC (CHEC),-77.03585831,38.92954443,Education Campus,campus,9,1,FALSE,2016,0.54,757,0,471,150,1401,8414222.003,1813312.979,2420479.624,0,522784.0384,199581,0,0,1201534.6,0,0,160419,52598,0,0,1414551.6,14784931.24
455,Coolidge HS,-77.01957825,38.96728422,High,hs,9,4,TRUE,2016,0.76,305,0,59,115,401,3467626.608,2018559.5,279120,0,171363.967,0,0,0,528354.4,0,0,0,40460,0,0,568814.4,6505484.475
405,Deal MS,-77.07519907,38.95289641,Middle,ms,7,3,FALSE,2016,0.08,107,0,44,108,1332,7962508.117,1302560,186080,0,32800,0,2127585.283,0,198336.6,0,0,0,0,0,0,198336.6,11809870
231,Drew ES,-76.91992701,38.89599364,Elementary,es,2,7,TRUE,2016,0.83,183,52,0,29,220,2186844.723,559679.6245,0,59270.218,87215.03692,0,0,0,364206,0,0,0,0,0,0,364206,3257215.603
467,Dunbar HS,-77.01469386,38.90852322,High,hs,9,5,TRUE,2016,0.74,508,0,5,196,686,5106735.514,2369146.333,21178.07343,0,283132.8586,0,0,0,892003.7,0,0,0,56644,0,0,948647.7,8728840.48
457,Eastern HS,-76.97968429,38.89040233,High,hs,9,6,FALSE,2016,0.7,749,0,5,283,1070,6411261.755,3144171.665,21159.13343,0,444835.4898,0,0,0,1127474.438,46520,0,0,60690,0,166769.4619,1401453.9,11422881.94
232,Eaton ES,-77.06582114,38.93272674,Elementary,es,5,3,FALSE,2016,0.05,24,36,43,31,477,3494419.981,418680,186080,0,11875,0,135425.0189,0,49395,0,0,0,0,0,0,49395,4295875
471,Ellington School of the Arts,-77.07030757,38.91344604,Art,hs,8,2,FALSE,2016,0.33,174,0,0,24,527,3589148.71,418680,0,0,13075,1874308.643,0,0,17300,0,0,306400.3,0,0,0,323700.3,6218912.653
407,Eliot-Hine MS,-76.97897792,38.89243116,Middle,ms,7,6,TRUE,2016,0.63,151,0,2,62,239,2419243.199,1070432.603,8459.865373,0,111330.8763,0,0,45440.77201,234145,46520,0,0,0,0,0,280665,3935572.316
238,Garfield ES,-76.97080478,38.85173304,Elementary,es,1,8,TRUE,2016,0.82,244,55,1,38,297,2481496.065,654159.2489,0,0,123157.2883,0,0,0,290020.5,46520,0,0,0,0,118136.8,454677.3,3713489.902
239,Garrison ES,-77.02861256,38.91390096,Elementary,es,3,2,FALSE,2016,0.48,125,98,38,54,260,2478174.771,982678.4979,186080,59270.218,106049.6931,0,0,557.0553376,145740,46520,0,0,0,0,0,192260,4005070.236
227,H.D. Cooke ES,-77.03881058,38.92394275,Elementary,es,1,1,TRUE,2016,0.54,213,87,171,45,395,3555835.388,624893.5422,744320,97586.9965,173554.0433,0,0,0,255217.9279,0,93040,0,0,0,0,348257.9279,5544447.898
246,Hardy MS,-77.0686139,38.9155087,Middle,ms,7,2,FALSE,2016,0.25,95,0,22,65,380,3173662.908,793719.2489,93040,0,74080.3807,0,0,127742.9782,177754.5,0,0,0,0,0,0,177754.5,4440000.015
413,Hart MS,-76.99717875,38.83773754,Middle,ms,7,8,TRUE,2016,0.82,353,0,0,123,431,3409449.801,1630112.228,0,0,207744.2337,0,0,914503.5647,567458.3,93040,0,0,0,0,0,660498.3,6822308.127
258,Hearst ES,-77.07195522,38.94072231,Elementary,es,4,3,FALSE,2016,0.13,39,42,28,37,300,2672323.096,748638.8734,139560,0,7275,0,0,0,4875,93040,0,0,0,0,0,97915,3665711.969
249,Hendley ES,-76.99918485,38.82898558,Elementary,es,1,8,FALSE,2016,0.9,459,59,0,59,510,4028022.051,465200,0,0,218256.5999,0,0,0,652176,93040,0,0,0,0,60130.52791,805346.5279,5516825.179
251,Houston ES,-76.92994765,38.90541499,Elementary,es,2,7,FALSE,2016,0.75,218,59,1,48,291,2328350.175,841678.8734,0,0,120967.212,0,0,0,237371.5,46520,0,0,0,0,70519.92791,354411.4279,3645407.688
252,Hyde-Addison ES,-77.06453782,38.90801923,Elementary,es,5,2,FALSE,2016,0.08,26,35,25,19,322,2880456.415,325640,93040,0,7625,0,0,138940.3044,3125,0,0,0,0,0,0,3125,3448826.72
950,Incarcerated Youth Program,-76.97637892,38.88343057,Alternative,other,8,7,FALSE,2016,NA,NA,0,3,20,24,938580.4446,465200,12689.16673,8092,700,0,0,0,0,0,0,0,0,0,0,0,1425261.611
339,J.O. Wilson ES,-76.99658902,38.90275767,Elementary,es,3,6,FALSE,2016,0.5,247,115,6,62,493,4166642.49,769739.4367,25414.95078,186992.813,202050.0353,0,0,0,372374.5,0,0,0,0,0,34427.72791,406802.2279,5757641.953
254,Janney ES,-77.08099483,38.94755009,Elementary,es,5,3,FALSE,2016,0.01,7,80,27,46,730,5001072.137,651280,93040,0,17325,0,795060.1629,0,13097.7,0,0,0,0,0,0,13097.7,6570875
433,Jefferson MS,-77.02291066,38.8798706,Middle,ms,7,6,FALSE,2016,0.65,183,0,3,61,282,2534925.234,816259.4367,12694.84873,0,120091.1815,105215,0,451516.7283,342411.3,0,0,0,0,0,0,342411.3,4383113.729
416,Johnson MS,-76.98370368,38.85133657,Middle,ms,7,8,TRUE,2016,0.79,236,0,2,79,299,2622864.862,1207113.354,8459.865373,0,126223.3951,15000,0,0,445326,0,0,0,0,0,0,445326,4424987.477
421,Kelly Miller MS,-76.93245507,38.89331503,Middle,ms,7,7,TRUE,2016,0.7,396,0,6,126,565,3957297.055,1489112.603,25394.74812,0,237091.2562,0,0,0,739084.5,0,0,0,0,0,0,739084.5,6447980.163
257,Ketcham ES,-76.98362116,38.86604236,Elementary,es,3,8,TRUE,2016,0.86,275,70,0,35,320,2659124.327,465200,0,0,134107.6698,0,0,0,374275,0,0,0,0,0,86789.12791,461064.1279,3719496.125
272,Key ES,-77.10052732,38.9268015,Elementary,es,2,3,FALSE,2016,0.03,12,30,27,21,395,3039431.334,372160,93040,0,9575,0,0,74386.92775,1375,46520,0,0,0,0,0,47895,3636488.261
259,Kimball ES,-76.95757271,38.88308276,Elementary,es,3,7,TRUE,2016,0.77,271,70,0,46,352,2988171.308,418680,0,0,151190.265,0,0,0,319509.1279,139560,0,0,0,0,0,459069.1279,4017110.701
344,"King, M.L. ES",-76.99823899,38.84244285,Elementary,es,1,8,TRUE,2016,0.88,341,71,2,35,388,3338504.325,465200,8459.023596,0,161289.616,0,0,0,498189.0279,93040,0,0,0,0,0,591229.0279,4564681.992
417,Kramer MS,-76.98017131,38.87128607,Middle,ms,7,8,TRUE,2016,0.8,254,0,0,76,318,2697870.51,1090093.542,0,0,144620.0361,0,0,59618.45943,475259.4,0,0,0,0,0,0,475259.4,4467461.948
261,Lafayette ES,-77.06803712,38.96662722,Elementary,es,4,4,FALSE,2016,0.03,21,80,22,37,693,5132850.602,418680,93040,0,17425,0,621524.3979,0,49020,0,0,0,0,0,0,49020,6332540
370,Langley ES,-77.00589039,38.91516256,Elementary,es,4,5,FALSE,2016,0.64,198,68,6,62,310,2634597.051,1302065.582,25422.52678,0,125347.3646,0,0,0,133215,0,0,0,0,0,183774.4279,316989.4279,4404421.953
264,LaSalle-Backus EC,-76.99988254,38.95997181,Education Campus,campus,6,4,TRUE,2016,0.52,183,52,107,63,352,3343690.108,1134206.897,558240,72042.4775,151628.2803,0,0,0,342411.3,0,0,0,0,0,0,342411.3,5602219.062
266,Leckie ES,-77.01289191,38.82819645,Elementary,es,2,8,FALSE,2016,0.47,223,101,11,58,474,3805134.733,511720,46543.56977,110359.256,207306.2184,0,0,0,326950,93040,0,0,0,0,0,419990,5101053.777
271,Ludlow-Taylor ES,-76.99649249,38.89874381,Elementary,es,1,6,FALSE,2016,0.32,112,95,3,53,351,3027112.597,982678.4979,12698.00539,135905.5155,147686.1429,0,0,0,159761.5,0,0,0,0,0,0,159761.5,4465842.258
884,Luke Moore HS,-76.99231633,38.93227605,Alternative,other,9,5,TRUE,2016,NA,NA,0,5,27,362,2826949.212,511720,21155.97677,80920,152066.2955,0,0,23237.07117,0,0,0,0,0,0,0,0,3616048.555
308,Malcolm X ES,-76.98339858,38.84164506,Elementary,es,2,8,TRUE,2016,0.85,195,64,0,29,229,2277911.889,485333.5422,0,0,106049.6931,0,0,0,267348.0279,46520,0,0,0,0,0,313868.0279,3183163.153
273,Mann ES,-77.08782619,38.93429197,Elementary,es,5,3,FALSE,2016,0.01,3,40,34,24,335,2877603.069,396139.8122,186080,0,7550,0,0,0,5613.3,0,0,0,0,0,0,5613.3,3472986.182
284,Marie Reed ES,-77.04052995,38.91916731,Elementary,es,3,1,FALSE,2016,0.36,142,104,195,41,394,3468580.879,418680,837360,97586.9965,170487.9365,0,0,15905.6504,81771,0,93040,0,0,0,35525.72791,210336.7279,5218938.19
274,Maury ES,-76.9886575,38.89218486,Elementary,es,5,6,FALSE,2016,0.13,49,87,2,24,378,3190358.237,325640,8464.074262,0,9150,0,0,0,6125,93040,0,0,0,0,0,99165,3632777.311
280,Miner ES,-76.98290432,38.89737568,Elementary,es,5,6,FALSE,2016,0.74,300,111,6,73,405,3428829.307,909299.4367,25402.32412,59270.218,172678.0128,0,0,0,412930.5279,93040,0,0,0,0,0,505970.5279,5101449.826
285,Moten ES,-76.98294365,38.85665719,Elementary,es,4,8,TRUE,2016,0.88,376,90,1,68,427,3389265.637,745759.6245,0,0,171363.967,0,0,0,607758.9279,46520,0,0,0,0,0,654278.9279,4960668.156
287,Murch ES,-77.07007921,38.95293319,Elementary,es,1,3,FALSE,2016,0.03,19,64,61,29,634,4532234.793,396139.8122,279120,0,15500,0,436485.3951,283921,48895,0,0,0,0,0,0,48895,5992296
288,Nalle ES,-76.93079651,38.88595408,Elementary,es,2,7,TRUE,2016,0.77,300,96,5,34,389,3481062.557,465200,21173.86454,0,166545.7992,0,0,0,559458.9,0,0,0,0,0,0,559458.9,4693441.12
291,Orr ES,-76.97448402,38.87179682,Elementary,es,5,8,TRUE,2016,0.77,307,105,2,49,399,3348439.82,465200,8459.023596,0,166545.7992,0,0,0,350803.5,93040,0,0,0,0,77095.82791,520939.3279,4509583.971
292,Oyster-Adams Bilingual School,-77.04437725,38.9173092,Education Campus,campus,3,3,FALSE,2016,0.08,51,48,87,64,643,5585823.359,1186979.812,372160,0,16250,500000,0,486644.1778,105100,0,0,0,0,0,0,105100,8252957.349
294,Patterson ES,-77.00848471,38.82696603,Elementary,es,3,8,TRUE,2016,0.85,345,84,1,62,406,3163831.188,1075718.498,0,0,164793.7381,0,0,0,502989,46520,0,0,0,0,42532.12791,592041.1279,4996384.552
295,Payne ES,-76.98419491,38.88513231,Elementary,es,2,6,FALSE,2016,0.6,173,72,4,44,289,2634933.348,1252666.333,16923.93964,0,120091.1815,0,0,0,117238.5,0,0,0,0,0,152973.4279,270211.9279,4294826.731
301,Peabody ES,-76.99985799,38.89289599,Elementary,es,2,6,FALSE,2016,0.07,16,141,3,9,230,2261550.256,139560,12694.21739,0,5675,0,0,0,13095,0,0,0,0,0,16842.6,29937.6,2449417.073
478,Phelps ACE HS,-76.97189763,38.90199169,High,hs,8,5,FALSE,2016,0.51,184,0,9,40,361,3102194.955,784587.0845,46586.28999,0,140239.8835,0,0,0,320006.4,0,0,0,24276,0,0,344282.4,4417890.613
299,Plummer ES,-76.93993468,38.88723986,Elementary,es,1,7,FALSE,2016,0.83,388,80,23,52,467,3580170.196,888198.8734,93040,0,185818.4706,0,0,0,544150.5,0,0,0,0,0,126476.8279,670627.3279,5417854.868
300,Powell ES,-77.03122742,38.94153401,Elementary,es,3,4,FALSE,2016,0.45,223,100,262,63,496,4020592.283,651280,1302560,180920.5535,193702.7453,0,0,0,327375,93040,0,0,0,0,0,420415,6769470.581
316,Randle Highlands ES,-76.96435628,38.8700914,Elementary,es,2,7,FALSE,2016,0.63,230,87,3,44,365,3111182.005,465200,12691.06073,0,156033.4329,0,0,0,247412.5,0,0,0,0,0,127581.0279,374993.5279,4120100.026
302,Raymond EC,-77.02643266,38.93581087,Education Campus,campus,6,4,FALSE,2016,0.53,310,105,257,88,585,4422796.554,837360,1302560,123131.5155,252008.775,0,0,0,580041,0,0,0,0,0,0,580041,7517897.845
459,Roosevelt HS,-77.02777634,38.94360818,High,hs,9,4,TRUE,2016,0.83,427,0,174,125,514,3890422.756,2068925.77,861339.8122,0,206430.1879,0,0,0,740444.6,0,0,0,56644,0,0,797088.6,7824207.126
456,Roosevelt STAY,-77.02777634,38.94360818,STAY,other,9,4,FALSE,2016,NA,NA,0,37,30,655,2790882.392,325640,93040,0,20050,0,0,75984.96092,0,0,0,0,0,0,0,0,3305597.352
305,Ross ES,-77.03966215,38.91239081,Elementary,es,4,2,FALSE,2016,0.06,10,35,28,6,170,1816054.2,111648,139560,0,4150,0,0,0,47770,0,0,0,0,0,0,47770,2119182.2
307,Savoy ES,-76.99360426,38.86285165,Elementary,es,1,8,TRUE,2016,0.82,334,65,4,34,407,3382167.775,418680,16925.62319,72042.4775,177058.1654,0,0,0,476547.9279,93040,0,0,0,0,0,569587.9279,4636461.969
175,School-Within-School,-76.99318302,38.89756466,Elementary,es,1,6,FALSE,2016,0.07,20,77,1,57,291,2355370.696,886759.2489,0,0,6200,0,0,0,2500,46520,0,0,0,0,0,49020,3297349.945
466,School Without Walls HS,-77.04818647,38.89812379,High,hs,9,2,FALSE,2016,0.15,88,0,2,5,588,3905913.823,279120,8462.390706,0,14750,407269,516227.9862,0,76489.8,0,0,88167,0,0,0,164656.8,5296400
409,School Without Walls @ Francis-Stevens EC,-77.052321,38.90746917,Education Campus,campus,9,2,FALSE,2016,0.26,114,80,25,76,439,4145598.434,1144778.686,93040,72042.4775,79323.54857,0,0,0,221845.4,0,0,0,0,0,0,221845.4,5756628.546
309,Seaton ES,-77.02488247,38.91061836,Elementary,es,4,6,FALSE,2016,0.5,163,111,132,52,326,3098982.929,819138.6857,558240,84814.737,127975.4562,0,0,0,92584,0,93040,0,0,0,65876.92791,251500.9279,4940652.735
313,Shepherd ES,-77.03399523,38.98460295,Elementary,es,1,4,FALSE,2016,0.19,62,55,7,25,326,2852221.473,279120,29677.29191,0,7950,0,0,2785.619182,60648.72791,0,0,0,0,0,0,60648.72791,3232403.112
315,Simon ES,-77.000195,38.8359802,Elementary,es,4,8,TRUE,2016,0.77,236,52,4,27,307,2596716.696,279120,16923.09786,0,127099.4257,0,0,0,350295.2279,46520,0,0,0,0,0,396815.2279,3416674.447
322,Smothers ES,-76.93846864,38.8935537,Elementary,es,5,7,TRUE,2016,0.74,212,71,6,39,286,2654084.806,559679.6245,25387.17212,0,119215.151,0,0,0,273465,139560,0,0,0,0,0,413025,3771391.754
427,Sousa MS,-76.95315885,38.88389408,Middle,ms,7,7,FALSE,2016,0.74,192,0,0,60,260,2273985.46,745759.6245,0,0,123157.2883,15000,0,7112.975914,362126,0,0,0,0,0,0,362126,3527141.349
319,Stanton ES,-76.96849023,38.85927177,Elementary,es,2,8,TRUE,2016,0.87,469,85,0,70,539,4409847.374,744320,0,0,250694.7292,0,0,26591.01436,322186.4279,0,0,500000,0,0,0,822186.4279,5753639.546
321,Stoddert ES,-77.0790738,38.92304431,Elementary,es,5,3,FALSE,2016,0.04,17,20,75,14,420,3684123.601,186080,325640,0,10450,0,0,0,2000,46520,0,0,0,0,0,48520,4254813.601
428,Stuart-Hobson MS,-77.00000438,38.89629737,Middle,ms,7,6,FALSE,2016,0.34,145,0,3,65,427,3338611.053,721779.8122,12696.74273,0,98134.23532,0,0,0,278725,0,0,0,0,0,0,278725,4449946.843
324,Takoma EC,-77.02279493,38.97504254,Education Campus,campus,6,4,FALSE,2016,0.43,206,76,120,76,478,3746577.714,1029198.498,604760,117060.9965,191950.6843,0,0,0,383575.5,0,0,0,0,0,0,383575.5,6073123.392
325,Thomas ES,-76.95211091,38.90127864,Elementary,es,1,7,TRUE,2016,0.72,305,97,6,54,424,3529559.063,886759.2489,25383.38412,0,177058.1654,0,0,0,342276,46520,0,0,0,0,128401.1279,517197.1279,5135956.989
326,Thomson ES,-77.02843003,38.903496,Elementary,es,1,2,FALSE,2016,0.46,126,64,147,47,273,2569442.511,372160,697800,110359.256,117901.1052,0,0,0,160196.1279,0,46520,0,0,0,0,206716.1279,4074379
327,Truesdell EC,-77.02507158,38.95396836,Education Campus,campus,6,4,FALSE,2016,0.55,314,105,250,85,570,4512340.099,930400,1256040,48373.605,228330.9509,0,0,0,588270,0,0,0,0,0,0,588270,7563754.655
328,Tubman ES,-77.0294433,38.92919824,Elementary,es,4,1,FALSE,2016,0.61,306,76,173,80,501,4075815.514,955819.4367,744320,0,216066.5236,0,0,0,331117.1279,93040,93040,0,0,0,0,517197.1279,6509218.602
329,Turner ES,-76.98030993,38.84763494,Elementary,es,1,8,TRUE,2016,0.85,358,92,0,45,421,3611015.237,792279.6245,0,0,170049.9212,0,0,0,578875.3279,46520,0,0,0,0,0,625395.3279,5198740.111
330,Tyler ES,-76.99204166,38.88108402,Elementary,es,3,6,TRUE,2016,0.46,247,138,11,90,538,4398502.806,1192738.31,46569.24399,46497.9585,226578.8899,0,0,0,275727,93040,0,0,0,0,39906.32791,408673.3279,6319560.536
332,Walker-Jones EC,-77.01391586,38.90419176,Education Campus,campus,5,6,TRUE,2016,0.75,363,85,11,113,484,3742162.838,1399918.873,46577.24088,110359.256,201612.02,0,0,0,539649.3,139560,0,0,0,0,0,679209.3,6179839.529
474,Washington Metropolitan HS,-77.01558467,38.92042978,High,hs,8,1,TRUE,2016,NA,NA,0,1,46,251,2286761.07,857493.5422,0,40460,106049.6931,0,0,275896.6684,0,0,0,0,0,0,0,0,3566660.974
333,Watkins ES,-76.98999677,38.88346667,Elementary,es,2,6,FALSE,2016,0.2,96,0,4,31,482,3576124.696,418680,16928.14852,59270.218,89320.83853,0,0,250376.6993,105040,93040,0,0,0,0,0,198080,4608780.6
336,West EC,-77.03225306,38.95136708,Education Campus,campus,6,4,FALSE,2016,0.42,117,62,28,32,278,2855262.883,465200,139560,59270.218,115711.0289,0,0,0,174400,46520,0,0,0,0,0,220920,3855924.13
335,Wheatley EC,-76.98850077,38.90411741,Education Campus,campus,5,5,TRUE,2016,0.79,362,69,7,66,458,3664428.715,837360,29640.46414,0,200735.9895,0,0,0,627419.7279,0,0,0,0,0,0,627419.7279,5359584.896
338,Whittier EC,-77.0192386,38.96585694,Education Campus,campus,6,4,FALSE,2016,0.61,213,54,42,76,349,3281187.711,1350992.228,186080,72042.4775,152066.2955,0,0,0,404320,0,0,0,0,0,0,404320,5446688.712
463,Wilson HS,-77.0777752,38.95015581,High,hs,8,3,FALSE,2016,0.31,582,0,112,236,1878,11885193.51,2631979.061,558240,0,44700,0,0,0,1016152.2,0,0,0,72828,0,0,1088980.2,16209092.77
464,"Woodson, H.D. HS",-76.92232214,38.89678282,High,hs,9,7,TRUE,2016,0.78,454,0,6,160,582,4594566.201,2552819.688,25393.48545,72828,277413.6602,0,0,0,667608.3,0,0,180000,0,0,0,847608.3,8190629.335
861,Youth Services Center,-76.98858584,38.91213926,Alternative,other,8,5,FALSE,2016,NA,NA,0,1,32,73,990637.9244,604760,0,8092,1900,0,0,60423.81873,0,0,0,0,0,0,0,0,1665813.743
304,River Terrace Special Education Center,-76.95752,38.89495,Special Education Center,other,6,7,FALSE,2016,0.45,49,0,11,110,108,1217610.512,2269896.432,46531.78489,33725.699,46892.63292,0,0,0,10621,0,0,0,0,0,81062.9,91683.9,3706340.961
331,Van Ness ES,-76.99914,38.87675,Elementary,es,3,6,FALSE,2016,0.25,28,70,0,6,110,1557988.535,186080,0,0,2750,0,0,0,9265,0,0,0,0,0,43125.8,52390.8,1799209.335
347,Brookland MS,-76.99182,38.93741,Middle,ms,7,5,FALSE,2016,0.45,101,0,0,55,224,1952679.352,745759.6245,0,0,97289.38792,400000,0,0,198705,0,0,0,0,0,0,198705,3394433.364
349,Dorothy Height ES,-77.03087,38.94452,Elementary,es,1,4,FALSE,2016,0.44,260,155,177,60,590,4198053.685,602353.3545,744320,0,116764.7694,0,0,0,79235,139560,93040,0,0,0,181918,493753,6155244.809
220,Burroughs ES,-76.97845637,38.93350233,Elementary,es,6,5,FALSE,2016,0.54,135,63,14,45,250,2433512.982,888198.8734,93040,59270.218,128851.4867,0,0,0,79125,0,0,100000,0,0,19985.12791,199110.1279,3801983.688
262,Langdon ES,-76.97708186,38.92470383,Elementary,es,6,5,FALSE,2016,0.56,146,58,18,27,261,2507173.511,466639.6245,93040,0,147686.1429,0,0,0,99736.5,0,0,0,0,0,119955.7279,219692.2279,3434231.507
219,Bunker Hill ES,-76.98499564,38.94201213,Elementary,es,6,5,FALSE,2016,0.48,72,34,13,14,150,1722813.312,210060,46633.63998,33725.699,67066.33492,0,0,143114.81,34719.2,0,0,100000,0,0,0,134719.2,2358132.996
290,Noyes ES,-76.99184288,38.92517765,Elementary,es,6,5,TRUE,2016,0.65,139,43,12,65,214,2124834.423,886759.2489,50857.68023,0,125347.3646,0,0,0,186391,0,0,0,0,0,20203.52791,206594.5279,3394393.244
458,McKinley Technology HS,-77.00488219,38.9152101,High,hs,8,5,FALSE,2016,0.37,239,0,11,12,646,4305880.431,442659.8122,25408.63745,0,151180.9903,1680585.039,0,0,447192.9,0,0,0,0,0,0,447192.9,7052907.81
435,McKinley MS,-77.00412244,38.91521979,Middle,ms,8,5,FALSE,2016,0.59,148,0,11,46,250,1977645.169,695393.3545,21160.18565,0,65350.22809,0,0,0,275051.7,0,0,0,0,0,0,275051.7,3034600.637
202,Aiton ES,-76.93370092,38.89700148,Elementary,es,4,7,TRUE,2017,0.88,236,79,1,47,268,2499672,660417,4264,57728,108445,0,0,0,428338.3222,21949.25,0,0,0,0,0,450288,3780814
203,Amidon-Bowen ES,-77.0181253,38.87951507,Elementary,es,3,6,TRUE,2017,0.72,255,61,5,84,355,3020358,848803,19543,9676,148098,0,0,0,19832.5,234513.7372,0,0,72991.89541,0,159201.8674,486540,4533018
450,Anacostia HS,-76.98307725,38.87008373,High,hs,8,8,TRUE,2017,0.93,531,0,0,175,573,4694247,3280819,0,0,250641,0,0,0,916044,0,0,0,97104,0,0,1013148,9238855
452,Ballou HS,-77.00097526,38.83938233,High,hs,8,8,TRUE,2017,0.89,942,0,4,266,1058,6860942,3455359,17056,0,388622,0,0,0,1552938.409,93805.49486,0,0,80920,0,69672.09624,1797336,12748461
462,Ballou STAY,-77.00097526,38.83938233,STAY,other,8,8,FALSE,2017,NA,NA,0,0,43,575,3183315,375222,0,0,12325,0,0,0,0,0,0,0,0,0,0,0,3570862
204,Bancroft ES,-77.04055344,38.93431802,Elementary,es,3,1,FALSE,2017,0.37,194,105,297,49,521,4066236,682366,1313277,91258,216469,0,0,0,166190.5553,0,187610.9897,0,16350.45499,0,0,370152,6739758
205,Barnard ES,-77.01777708,38.94823061,Elementary,es,5,4,FALSE,2017,0.51,325,139,140,75,642,4677607,1190782,656638,121478,264578,0,0,0,365584.8993,0,93805.49486,0,160709.9118,0,0,620100,7531184
206,Beers ES,-76.95560475,38.86434951,Elementary,es,2,7,FALSE,2017,0.58,250,87,2,85,434,3506981,1336043,8528,0,182718,0,0,0,257521.0302,46902.74743,0,0,0,0,172576.2224,477000,5511270
402,Benjamin Banneker HS,-77.02397697,38.92383242,High,hs,9,1,FALSE,2017,0.25,126,0,4,0,496,3391093,93805,18477,0,188620,690480,0,0,227590.6958,0,0,0,0,0,12817.30424,240408,4622883
212,Brent ES,-77.00145985,38.88480087,Elementary,es,4,6,FALSE,2017,0.08,33,64,3,27,404,3350521,422125,10660,0,9600,0,0,0,62964,0,0,0,0,0,0,62964,3855869
213,Brightwood EC,-77.03068885,38.96053539,Education Campus,campus,6,4,FALSE,2017,0.53,386,84,363,71,728,5271217,797347,1761130,88844,296643,0,0,0,564546.7331,0,140707.5,0,31233.7669,0,0,736488,8951669
404,Browne EC,-76.97066706,38.90259855,Education Campus,campus,6,5,TRUE,2017,0.75,249,69,22,61,331,3485916,900259,93805,53600,139245,0,0,0,470963.5954,0,0,0,4128.477027,0,0,475092,5147917
296,Bruce-Monroe ES @ Park View,-77.02118567,38.93441376,Elementary,es,3,1,FALSE,2017,0.52,249,95,277,52,475,4091070,750444,1219471,24630,196208,0,0,0,167093.2861,0,187610.9897,0,120387.9156,0,0,475092,6756915
221,Burrville ES,-76.92445918,38.90056543,Elementary,es,4,7,FALSE,2017,0.73,241,104,2,20,331,3084782,375222,9949,5278,135873,0,0,0,278849.7945,0,0,0,39980.12477,0,140998.0807,459828,4070932
247,C.W. Harris ES,-76.9261155,38.8835985,Elementary,es,4,7,TRUE,2017,0.74,222,55,0,71,300,2546152,1175996,0,0,122779,0,0,0,303123.9604,46902.74743,0,0,0,0,73549.2922,423576,4268503
360,Capitol Hill Montessori,-77.0025627,38.89852997,Education Campus,campus,2,6,FALSE,2017,0.12,44,115,4,16,373,3306988,281416,17056,0,8250,0,0,0,83951.71236,0,0,0,0,0,0,83952,3697662
454,Cardozo EC,-77.02847079,38.9221722,Education Campus,campus,8,1,TRUE,2017,0.82,638,0,396,210,778,6689482,3188727,2050396,0,327443,0,0,0,1168752,0,0,0,48552,0,0,1217304,13473353
947,CHOICE Academy,-77.00677595,38.91350276,Alternative,other,7,5,FALSE,2017,NA,NA,0,8,4,100,823617,187611,34111,0,50,0,0,0,0,0,0,0,0,0,0,0,1045389
224,Cleveland ES,-77.02270718,38.91514495,Elementary,es,3,1,FALSE,2017,0.49,161,79,46,31,326,2879049,491916,187611,14263,132922,0,0,0,157448.1172,46902.74743,46902.5,0,55934.95779,0,0,307188,4012949
442,Columbia Heights EC (CHEC),-77.03585831,38.92954443,Education Campus,campus,9,1,FALSE,2017,0.64,908,0,458,137,1418,8377643,1809746,2223494,0,506767,453804,0,0,1477743,0,202123,0,52598,0,0,1732464,15103919
455,Coolidge HS,-77.01957825,38.96728422,High,hs,9,4,TRUE,2017,0.83,319,0,66,96,385,3558676,1958436,281416,37986,161192,0,0,0,606178.1463,0,0,0,2474,0,0,608652,6724146
405,Deal MS,-77.07519907,38.95289641,Middle,ms,7,3,FALSE,2017,0.07,102,0,62,113,1380,8486178,1407082,281416,0,33525,0,2014575,0,194616.4203,0,0,0,0,0,0,194616,12417393
231,Drew ES,-76.91992701,38.89599364,Elementary,es,2,7,TRUE,2017,0.77,202,49,0,43,263,2350996,661192,0,21561,102543,0,0,0,336778.5,0,0,0,48637.14494,0,0,385416,3521707
467,Dunbar HS,-77.01469386,38.90852322,High,hs,9,5,TRUE,2017,0.76,504,0,13,150,662,5286569,2306216,93805,0,271745,0,0,0,904988,0,0,0,56644,0,0,961632,8919967
457,Eastern HS,-76.97968429,38.89040233,High,hs,9,6,FALSE,2017,0.73,723,0,5,278,995,5851047,3141236,23214,0,405088,0,0,152561,1145977.233,46902.74743,0,0,60690,0,25021.01982,1379484,10952631
232,Eaton ES,-77.06582114,38.93272674,Elementary,es,5,3,FALSE,2017,0.06,28,35,43,34,477,3602054,422125,187611,0,11950,0,17837,0,53423.9755,0,0,0,0,0,0,53424,4295001
471,Ellington School of the Arts,-77.07030757,38.91344604,Art,hs,8,2,FALSE,2017,0.31,163,0,1,25,534,3355125,422125,5685,0,13125,2684933,0,0,311004.0979,0,0,0,0,0,0,311004,6791997
407,Eliot-Hine MS,-76.97897792,38.89243116,Middle,ms,7,6,TRUE,2017,0.7,132,0,0,61,188,2137601,1136486,0,0,86920,0,0,125930,251856,0,0,0,0,0,0,251856,3738793
238,Garfield ES,-76.97080478,38.85173304,Elementary,es,1,8,TRUE,2017,0.84,263,51,2,43,312,2770000,857909,8528,0,134186,0,0,0,300984.2543,93805.49486,0,0,0,0,0,501804,4272427
239,Garrison ES,-77.02861256,38.91390096,Elementary,es,3,2,FALSE,2017,0.48,113,79,34,59,237,2377449,1096976,187611,52705,101278,0,0,0,138738.4948,46902.74743,0,0,29963,0,0,215604,4031624
227,H.D. Cooke ES,-77.03881058,38.92394275,Elementary,es,1,1,TRUE,2017,0.56,226,86,149,43,403,3578084,632624,750444,75263,164986,0,0,0,411333.155,0,0,0,19874.99626,0,0,431208,5632610
246,Hardy MS,-77.0686139,38.9155087,Middle,ms,7,2,FALSE,2017,0.23,93,0,34,42,403,3313663,712648,187611,0,73620,0,0,0,177443.509,0,0,0,0,0,0,177444,4464986
413,Hart MS,-76.99717875,38.83773754,Middle,ms,7,8,TRUE,2017,0.87,297,0,2,86,340,2915118,1511708,8528,0,160349,0,0,1318814,566675.923,0,0,0,0,0,0,566676,6481193
258,Hearst ES,-77.07195522,38.94072231,Elementary,es,4,3,FALSE,2017,0.1,31,41,26,43,315,2703376,811006,93805,0,7900,0,0,0,12245.25257,46902.74743,0,0,0,0,0,59148,3675236
249,Hendley ES,-76.99918485,38.82898558,Elementary,es,1,8,FALSE,2017,0.91,435,67,0,64,479,3831414,679527,0,107608,196208,0,0,0,689271.6995,140708.2423,0,0,0,0,0,829980,5644737
251,Houston ES,-76.92994765,38.90541499,Elementary,es,2,7,FALSE,2017,0.8,224,60,4,48,280,2275149,977443,15634,0,114347,0,0,0,175601.457,46902.74743,187610,0,0,0,17277.79553,427392,3809965
252,Hyde-Addison ES,-77.06453782,38.90801923,Elementary,es,5,2,FALSE,2017,0.05,18,52,12,17,336,2867084,328319,93805,0,7925,0,0,0,13933.573,0,0,0,0,0,20410.427,34344,3331477
950,Incarcerated Youth Program,-76.97637892,38.88343057,Alternative,other,8,7,FALSE,2017,NA,NA,0,8,19,28,537412,515930,34111,8092,850,112547,0,0,0,0,0,0,0,0,0,0,1208942
339,J.O. Wilson ES,-76.99658902,38.90275767,Elementary,es,3,6,FALSE,2017,0.48,249,113,5,71,518,4219416,968336,22030,12315,209723,0,0,0,293814.9839,0,0,0,157642.9578,0,23634.05832,475092,5906913
254,Janney ES,-77.08099483,38.94755009,Elementary,es,5,3,FALSE,2017,0.02,15,78,28,45,734,5039961,562833,93805,0,18275,0,858978,0,28620,0,0,0,0,0,0,28620,6602473
433,Jefferson MS,-77.02291066,38.8798706,Middle,ms,7,6,FALSE,2017,0.62,172,0,3,74,277,2331212,968336,11370,0,114347,0,0,410517,328176,0,0,0,0,0,0,328176,4163958
416,Johnson MS,-76.98370368,38.85133657,Middle,ms,7,8,TRUE,2017,0.88,249,0,0,67,282,2532462,1127380,0,0,121092,0,0,0,475092.0427,0,0,0,0,0,0,475092,4256026
421,Kelly Miller MS,-76.93245507,38.89331503,Middle,ms,7,7,TRUE,2017,0.7,306,0,9,75,436,3515590,1436238,38375,0,187355,0,0,364175,583848,0,0,0,0,0,0,583848,6125581
257,Ketcham ES,-76.98362116,38.86604236,Elementary,es,3,8,TRUE,2017,0.87,276,67,4,34,317,2687586,538819,17056,11435,129971,0,0,0,230541.9335,93805.49486,0,0,58762.60366,0,143497.968,526608,3911474
272,Key ES,-77.10052732,38.9268015,Elementary,es,2,3,FALSE,2017,0.03,11,39,22,30,407,3247182,422125,93805,0,9650,0,0,0,20987.6609,0,0,0,0,0,0,20988,3793751
259,Kimball ES,-76.95757271,38.88308276,Elementary,es,3,7,TRUE,2017,0.81,288,66,0,54,354,3049204,375222,0,14074,148098,0,0,0,107766.337,187610.9897,0,0,81063.66604,0,173063.0073,549504,4136103
344,"King, M.L. ES",-76.99823899,38.84244285,Elementary,es,1,8,TRUE,2017,0.88,362,87,3,46,411,3514917,562833,11370,50479,165408,0,0,0,647651.1111,0,0,0,19719.43482,0,23325.45412,690696,4995703
417,Kramer MS,-76.98017131,38.87128607,Middle,ms,7,8,TRUE,2017,0.89,218,0,2,55,244,2179548,1007846,8528,0,103386,0,0,617225,415943.6498,0,0,0,0,0,0,415944,4332477
261,Lafayette ES,-77.06803712,38.96662722,Elementary,es,4,4,FALSE,2017,0.03,18,97,21,37,707,5371216,422125,93805,0,17500,0,427165,0,34344,0,0,0,0,0,0,34344,6366155
370,Langley ES,-77.00589039,38.91516256,Elementary,es,4,5,FALSE,2017,0.6,178,62,6,70,296,2581967,1283462,25583,5278,119406,0,0,0,15834.07478,187610.9897,0,0,52450.12477,0,83728.81073,339624,4355320
264,LaSalle-Backus EC,-76.99988254,38.95997181,Education Campus,campus,6,4,TRUE,2017,0.57,198,49,107,61,347,3244381,1150268,562833,56297,143039,0,0,0,351413.3358,0,0,0,26370.66418,0,0,377784,5534604
266,Leckie ES,-77.01289191,38.82819645,Elementary,es,2,8,FALSE,2017,0.41,222,102,11,55,537,4062673,562833,46903,82332,231645,0,0,0,279554.017,93805.49486,0,0,50216.3926,0,0,423576,5409962
271,Ludlow-Taylor ES,-76.99649249,38.89874381,Elementary,es,1,6,FALSE,2017,0.29,117,103,3,51,404,3440238,1096976,12792,45742,154447,0,0,0,123959.1154,0,0,0,99276.41464,0,0,223236,4973431
884,Luke Moore HS,-76.99231633,38.93227605,Alternative,other,9,5,TRUE,2017,NA,NA,0,2,23,342,2887150,515930,8528,80920,126176,0,0,0,0,0,0,0,0,0,0,0,3618704
308,Malcolm X ES,-76.98339858,38.84164506,Elementary,es,2,8,TRUE,2017,0.88,220,67,0,39,250,2415497,538819,0,0,99170,0,0,0,208751.1199,93805.49486,0,0,0,0,117203.3853,419760,3473247
273,Mann ES,-77.08782619,38.93429197,Elementary,es,5,3,FALSE,2017,0.02,7,39,44,19,380,3138698,372808,187611,0,9000,0,0,0,13356,0,0,0,0,0,0,13356,3721473
284,Marie Reed ES,-77.04052995,38.91916731,Elementary,es,3,1,FALSE,2017,0.35,142,100,187,41,402,3545238,422125,874565,85326,165830,0,0,0,160223.5944,0,63489.73651,0,47222.35039,0,0,270936,5364019
274,Maury ES,-76.9886575,38.89218486,Elementary,es,5,6,FALSE,2017,0.14,56,83,4,24,400,3337536,375222,17056,0,9575,0,0,0,59945.56131,46902.74743,0,0,0,0,0,106848,3846236
280,Miner ES,-76.98290432,38.89737568,Elementary,es,5,6,FALSE,2017,0.7,279,98,6,65,398,3519622,827628,23688,22871,165830,0,0,0,244330.834,93805.49486,0,0,72267.20732,0,121928.4638,532332,5091971
285,Moten ES,-76.98294365,38.85665719,Elementary,es,4,8,TRUE,2017,0.88,370,87,0,42,421,3430796,541658,0,59816,175947,0,0,0,398978.9445,46902.74743,0,0,22852.08069,0,237226.2274,705960,4914177
287,Murch ES,-77.07007921,38.95293319,Elementary,es,1,3,FALSE,2017,0.04,26,60,59,35,600,4513199,400950,281416,0,15625,0,136137,295745,49608.11918,0,0,0,0,0,0,49608,5692681
288,Nalle ES,-76.93079651,38.88595408,Elementary,es,2,7,TRUE,2017,0.78,305,86,1,39,392,3373621,469027,2132,0,162878,0,0,0,573392.3841,0,0,0,0,0,8547.615858,581940,4589598
291,Orr ES,-76.97448402,38.87179682,Elementary,es,5,8,TRUE,2017,0.78,337,101,1,48,433,3649872,469027,4264,0,175104,0,0,0,409307.794,93805.49486,0,0,0,0,139882.7112,642996,4941263
292,Oyster-Adams Bilingual School,-77.04437725,38.9173092,Education Campus,campus,3,3,FALSE,2017,0.11,75,40,99,67,681,6032467,1010686,469027,0,16600,500000,0,0,143099.9533,0,0,0,0,0,0,143100,8171881
294,Patterson ES,-77.00848471,38.82696603,Elementary,es,3,8,TRUE,2017,0.85,348,70,1,75,411,3406907,1050073,4264,16713,167937,0,0,0,312392.1529,187610.9897,0,0,90894.72843,0,73086.12892,663984,5470958
295,Payne ES,-76.98419491,38.88513231,Elementary,es,2,6,FALSE,2017,0.57,168,70,4,45,295,2578206,1154822,17056,95881,127863,0,0,0,15599.8539,46902.74743,0,0,49136.59993,0,208904.7987,320544,4294371
301,Peabody ES,-76.99985799,38.89289599,Elementary,es,2,6,FALSE,2017,0.11,25,141,0,11,230,2305263,140708,0,0,5675,0,0,0,9545,0,0,0,0,0,38155,47700,2499346
478,Phelps ACE HS,-76.97189763,38.90199169,High,hs,8,5,FALSE,2017,0.67,188,0,11,22,280,2765707,375222,46903,24276,127019,0,0,499164,358704,0,0,0,0,0,0,358704,4196996
299,Plummer ES,-76.93993468,38.88723986,Elementary,es,1,7,FALSE,2017,0.79,321,69,23,55,408,3468759,764104,93805,47501,170045,0,0,0,329941.7372,140708.2423,0,0,47637.1229,0,94180.89765,612468,5156682
300,Powell ES,-77.03122742,38.94153401,Elementary,es,3,4,FALSE,2017,0.49,258,93,252,67,525,4149363,703541,1078763,161855,212675,0,0,0,271609.8508,0,187610.9897,0,33043.15951,0,0,492264,6798461
316,Randle Highlands ES,-76.96435628,38.8700914,Elementary,es,2,7,FALSE,2017,0.62,213,84,0,46,345,3047845,422125,0,0,141775,0,0,0,224717.4032,46902.74743,0,0,0,0,134783.8494,406404,4018149
302,Raymond EC,-77.02643266,38.93581087,Education Campus,campus,6,4,FALSE,2017,0.59,342,102,196,75,578,4800454,750444,1078763,56842,237572,0,0,0,614240.5582,0,0,0,38295.89354,0,0,652536,7576612
459,Roosevelt HS,-77.02777634,38.94360818,High,hs,9,4,TRUE,2017,0.85,510,0,200,121,600,4374306,2076255,1086613,0,206747,400000,0,0,916435.9879,0,0,0,56644,0,0,973080,9117002
456,Roosevelt STAY,-77.02777634,38.94360818,STAY,other,9,4,FALSE,2017,NA,NA,0,22,43,575,3275558,422125,93805,0,19525,0,0,0,0,0,0,0,0,0,0,0,3811013
305,Ross ES,-77.03966215,38.91239081,Elementary,es,4,2,FALSE,2017,0.03,5,33,21,8,174,1883594,112567,93805,0,4175,0,0,0,9540.461039,0,0,0,0,0,0,9540,2103681
307,Savoy ES,-76.99360426,38.86285165,Elementary,es,1,8,TRUE,2017,0.81,280,67,0,28,345,3102981,469027,0,13195,146412,0,0,138784,278174.88,93805.49486,0,0,81943.31192,0,80316.31321,534240,4404639
175,School-Within-School,-76.99318302,38.89756466,Elementary,es,1,6,FALSE,2017,0.07,21,76,0,54,315,2674740,1092423,0,0,8225,0,0,0,13088.38126,0,0,0,0,0,26979.61874,40068,3815456
466,School Without Walls HS,-77.04818647,38.89812379,High,hs,9,2,FALSE,2017,0.17,101,0,2,2,585,3742090,281416,8528,0,14750,495436,532664,0,192708.0737,0,0,0,0,0,0,192708,5267593
409,School Without Walls @ Francis-Stevens EC,-77.052321,38.90746917,Education Campus,campus,9,2,FALSE,2017,0.25,113,79,21,66,454,3978849,925987,93805,80048,74949,0,0,99556,200513.7744,0,0,0,15090.22563,0,0,215604,5468798
309,Seaton ES,-77.02488247,38.91061836,Elementary,es,4,6,FALSE,2017,0.51,173,100,96,45,341,3070682,930540,375222,35186,129127,0,0,0,111428.5552,0,0,0,59952.16511,0,158703.2797,330084,4870841
313,Shepherd ES,-77.03399523,38.98460295,Elementary,es,1,4,FALSE,2017,0.16,57,69,6,28,354,3137322,375222,24423,0,8250,0,0,0,108498.9988,0,0,0,0,0,257.0011796,108756,3653973
315,Simon ES,-77.000195,38.8359802,Elementary,es,4,8,TRUE,2017,0.76,221,49,4,36,292,2448959,426678,18477,0,126176,0,0,0,181338,140708.2423,0,0,0,0,99621.75771,421668,3441958
322,Smothers ES,-76.93846864,38.8935537,Elementary,es,5,7,TRUE,2017,0.77,216,70,6,57,280,2580078,708094,24162,0,118141,0,0,0,150743.9523,93805.49486,0,0,0,0,167578.5529,412128,3842604
427,Sousa MS,-76.95315885,38.88389408,Middle,ms,7,7,FALSE,2017,0.72,183,0,0,62,255,2143200,874531,0,0,106337,0,0,0,349164,0,0,0,0,0,0,349164,3473232
319,Stanton ES,-76.96849023,38.85927177,Elementary,es,2,8,TRUE,2017,0.88,449,87,0,55,513,4241257,656638,0,22871,219420,0,0,0,633054.9949,0,0,0,109677.2073,0,113959.7978,356692,5496878
321,Stoddert ES,-77.0790738,38.92304431,Elementary,es,5,3,FALSE,2017,0.07,31,19,74,18,435,3653883,328319,281416,0,10800,0,0,0,59148.11915,0,0,0,0,0,0,59148,4333567
428,Stuart-Hobson MS,-77.00000438,38.89629737,Middle,ms,7,6,FALSE,2017,0.33,140,0,3,72,424,3327176,729269,12081,0,89122,0,0,0,267120,0,0,0,0,0,0,267120,4424768
324,Takoma EC,-77.02279493,38.97504254,Education Campus,campus,6,4,FALSE,2017,0.48,224,69,102,84,465,3738438,1237684,469027,124595,195786,0,0,0,313163.1768,0,93805.49486,0,20423.32835,0,0,427392,6192923
325,Thomas ES,-76.95211091,38.90127864,Elementary,es,1,7,TRUE,2017,0.73,308,86,4,71,422,3496336,994064,17056,111720,172153,0,0,0,466046.7161,46902.74743,0,0,33298.47329,0,41416.06318,587664,5378993
326,Thomson ES,-77.02843003,38.903496,Elementary,es,1,2,FALSE,2017,0.43,127,64,100,34,297,2675179,375222,469027,35603,119406,0,0,0,51565.28708,0,93805.49486,0,96945.20732,0,0,242316,3916753
327,Truesdell EC,-77.02507158,38.95396836,Education Campus,campus,6,4,FALSE,2017,0.64,402,102,211,94,628,4661719,938055,1031860,132548,244739,0,0,0,673210.5051,0,93805.49486,0,0,0,0,767016,7775938
328,Tubman ES,-77.0294433,38.92919824,Elementary,es,4,1,FALSE,2017,0.62,348,67,171,97,560,4356476,1062142,750444,0,227430,0,0,0,523276.0756,46902.74743,93805.49486,0,0,0,0,663984,7060475
329,Turner ES,-76.98030993,38.84763494,Elementary,es,1,8,TRUE,2017,0.86,430,84,0,58,499,3893633,801900,0,2098,194100,0,0,0,582781.624,46902.74743,0,0,68099.95779,0,122655.6708,820440,5712171
330,Tyler ES,-76.99204166,38.88108402,Elementary,es,3,6,TRUE,2017,0.39,206,139,11,83,533,4421227,1169607,46903,27269,216469,0,0,0,166945.2345,140708.2423,46902.5,0,17988.97796,0,20503.04527,393048,6274522
332,Walker-Jones EC,-77.01391586,38.90419176,Education Campus,campus,5,6,TRUE,2017,0.8,377,90,8,99,473,3758298,1420742,34111,17593,189463,0,0,0,515044.2582,46902.74743,0,0,90015.08256,0,67353.91184,719316,6139523
474,Washington Metropolitan HS,-77.01558467,38.92042978,High,hs,8,1,TRUE,2017,NA,NA,0,0,30,275,2721974,773333,0,40460,63286,0,0,0,0,0,0,0,0,0,0,0,3599053
333,Watkins ES,-76.98999677,38.88346667,Elementary,es,2,6,FALSE,2017,0.27,118,0,1,23,435,3287838,515930,4264,42223,77407,0,0,225536,114217.9949,0,0,0,90324.99813,0,20601.00701,225144,4378341
336,West EC,-77.03225306,38.95136708,Education Campus,campus,6,4,FALSE,2017,0.48,151,68,30,42,314,3009106,515930,93805,82668,125755,0,0,0,288107.9905,0,0,0,0,0,0,288108,4115372
335,Wheatley EC,-76.98850077,38.90411741,Education Campus,campus,5,5,TRUE,2017,0.79,273,64,6,45,346,3213691,750444,26720,79131,149785,0,0,396595,517346.2955,0,0,0,3537.29548,0,0,520884,5137250
338,Whittier EC,-77.0192386,38.96585694,Education Campus,campus,6,4,FALSE,2017,0.64,235,51,44,82,367,3181385,1310315,187611,84446,151893,0,0,0,437688.1485,0,0,0,10691.99626,0,0,448380,5364029
463,Wilson HS,-77.0777752,38.95015581,High,hs,8,3,FALSE,2017,0.34,607,0,103,217,1783,11218996,2448049,483540,0,44875,0,691769,0,991522.5051,0,93805.49486,0,72828,0,0,1158156,16045386
464,"Woodson, H.D. HS",-76.92232214,38.89678282,High,hs,9,7,TRUE,2017,0.79,504,0,4,178,637,5567160,2589346,17056,0,276383,0,0,0,888804.3019,0,0,0,72828,0,0,961632,9597703
861,Youth Services Center,-76.98858584,38.91213926,Alternative,other,8,5,FALSE,2017,NA,NA,0,8,25,81,853448,609736,34111,8092,1950,1038292,0,0,0,0,0,0,0,0,0,0,2545628
304,River Terrace Special Education Center,-76.95752,38.89495,Special Education Center,other,6,7,FALSE,2017,0.48,63,0,10,132,132,1389835,2458747,46903,880,51904,0,0,0,13813.95,0,0,0,25978.35413,0,80411.69587,120204,4068472
331,Van Ness ES,-76.99914,38.87675,Elementary,es,3,6,FALSE,2017,0.24,31,66,2,4,129,1689264,187611,8528,0,2600,0,0,0,5353.5,0,0,0,0,0,53794.5,59148,1947151
347,Brookland MS,-76.99182,38.93741,Middle,ms,7,5,FALSE,2017,0.54,168,0,3,57,311,2327185,801900,12792,0,131235,200000,0,0,320544,0,0,0,0,0,0,320544,3793656
349,Dorothy Height ES,-77.03087,38.94452,Elementary,es,1,4,FALSE,2017,0.46,236,157,130,39,513,4288047,853356,703541,0,207169,0,0,0,403385.2342,0,46902.74743,0,0,0,0,450288,6502401
220,Burroughs ES,-76.97845637,38.93350233,Elementary,es,6,5,FALSE,2017,0.5,145,75,8,44,291,2558075,857909,32927,5278,119828,0,0,0,80652.06638,0,0,0,77390.12477,0,118617.8089,276660,3850677
262,Langdon ES,-76.97708186,38.92470383,Elementary,es,6,5,FALSE,2017,0.58,180,66,11,27,311,2804787,520483,93805,7037,126176,0,0,0,16491.98838,46902.74743,0,0,75630.83302,0,204414.4312,343440,3895729
219,Bunker Hill ES,-76.98499564,38.94201213,Elementary,es,6,5,FALSE,2017,0.56,93,33,7,11,167,1873046,281416,29847,4398,65394,0,0,0,8790.5,0,0,0,53329.77064,0,115323.7294,177444,2431546
290,Noyes ES,-76.99184288,38.92517765,Elementary,es,6,5,TRUE,2017,0.7,138,36,12,41,196,1978631,900259,46903,31667,80596,0,0,0,138002.9989,0,0,0,51000.7486,0,74300.25254,263304,3301360
458,McKinley Technology HS,-77.00488219,38.9152101,High,hs,8,5,FALSE,2017,0.39,263,0,1,11,672,4611122,447853,4832,0,272588,1680585,0,0,501804,0,0,0,0,0,0,501804,7518785
435,McKinley MS,-77.00412244,38.91521979,Middle,ms,8,5,FALSE,2017,0.6,126,0,5,42,209,1889210,868852,19898,0,94508,0,0,0,240408.3,0,0,0,0,0,0,240408,3112876
420,MacFarland MS,-77.0273425,38.9439462,Middle,ms,9,4,FALSE,2017,0.68,49,0,54,10,72,1235843,93805,187611,0,27006,0,0,0,93492.4,0,0,0,0,0,0,93492,1637757
425,Empowering Males HS,-76.9348806,38.9067948,High,hs,2,7,FALSE,2017,0.89,134,0,12,25,150,1804729,375222,93805,0,49796,230000,0,0,255672.3387,0,0,0,0,0,0,255672,2809224
202,Aiton ES,-76.93370092,38.89700148,Elementary,es,4,7,TRUE,2018,0.867158672,235,,,,271,2626530.782,712710,0,45258,113176.64,0,0,78222.42091,,,,,,,,455195,3575897.843
203,Amidon-Bowen ES,-77.0181253,38.87951507,Elementary,es,3,6,TRUE,2018,0.722857143,253,,,,350,3168556.207,1034680,17760.90909,70198,154560.42,0,0,0,,,,,,,,490061,4445755.536
450,Anacostia HS,-76.98307725,38.87008373,High,hs,8,8,TRUE,2018,0.936619718,399,,,,426,4829675.81,3217826,4440.227273,72828,261577.23,0,0,392085.304,,,,,,,,772863,8778432.571
452,Ballou HS,-77.00097526,38.83938233,High,hs,8,8,TRUE,2018,0.89791438,818,,,,911,7840665.034,3371673,8880.454545,80920,405577.96,0,0,305645.0944,,,,,,,,1584466,12013361.54
462,Ballou STAY,-77.00097526,38.83938233,STAY,other,8,8,FALSE,2018,NA,NA,,,,586,2884838.685,786847,0,0,12325,0,0,50205.91076,,,,,,,,0,3734216.596
204,Bancroft ES,-77.04055344,38.93431802,Elementary,es,3,1,FALSE,2018,0.375,201,,,,536,4409944.644,712710,1269905,107608,225913.29,0,0,0,,,,,,,,389337,6726080.934
205,Barnard ES,-77.01777708,38.94823061,Elementary,es,5,4,FALSE,2018,0.508422665,332,,,,653,5385726.015,1257012.5,976850,282188,276121.81,0,0,0,,,,,,,,643084,8177898.325
206,Beers ES,-76.95560475,38.86434951,Elementary,es,2,7,FALSE,2018,0.578494624,269,,,,465,3951931.364,1656740,4440.227273,120078,190689.34,0,0,0,,,,,,,,521053,5923878.931
402,Benjamin Banneker HS,-77.02397697,38.92383242,High,hs,9,1,FALSE,2018,0.259713701,127,,,,489,3700812.111,146527.5,17760.90909,0,196849.16,690480,0,0,,,,,,,,245999,4752429.68
212,Brent ES,-77.00145985,38.88480087,Elementary,es,4,6,FALSE,2018,0.086419753,35,,,,405,3557948.344,439582.5,39962.04545,0,10100,0,0,0,,,,,,,,67795,4047592.89
213,Brightwood Education Campus,-77.03068885,38.96053539,Education Campus,campus,6,4,FALSE,2018,0.533501896,422,,,,791,6426871.055,830322.5,2373355,107608,309585.81,0,0,0,,,,,,,,817414,10047742.36
347,Brookland MS,-76.99182,38.93741,Middle,ms,7,5,FALSE,2018,0.550607287,136,,,,247,2328194.096,790467.5,97685,0,136960.93,200000,0,50666.79991,,,,,,,,263432,3603974.326
404,Browne EC,-76.97066706,38.90259855,Education Campus,campus,6,5,TRUE,2018,0.755485893,241,,,,319,3900322.841,945982.5,97685,32788,145320.68,0,0,0,,,,,,,,466817,5122099.021
296,Bruce-Monroe ES @ Park View,-77.02118567,38.93441376,Elementary,es,3,1,FALSE,2018,0.526859504,255,,,,484,4434683.726,781480,1269905,0,204768.92,0,0,0,,,,,,,,493935,6690837.646
219,Bunker Hill ES,-76.98499564,38.94201213,Elementary,es,6,5,FALSE,2018,0.512315271,104,,,,203,2065316.782,293055,97685,45258,68247.97,0,0,0,,,,,,,,201448,2569562.752
220,Burroughs ES,-76.97845637,38.93350233,Elementary,es,6,5,FALSE,2018,0.495297806,158,,,,319,3090640.71,906127.5,97685,82668,125056.29,0,0,0,,,,,,,,306046,4302177.5
221,Burrville ES,-76.92445918,38.90056543,Elementary,es,4,7,FALSE,2018,0.730113636,257,,,,352,3525781.752,390740,4440.227273,20318,141800.79,0,0,0,,,,,,,,497809,4083080.769
247,C.W. Harris ES,-76.9261155,38.8835985,Elementary,es,4,7,TRUE,2018,0.743055556,214,,,,288,2669843.85,1235417,0,0,128136.2,0,0,60484.18019,,,,,,,,414518,4093881.231
360,Cap Hill Montessori @ Logan,-77.0025627,38.89852997,Education Campus,campus,2,6,FALSE,2018,0.121621622,45,,,,370,3492723.092,293055,13320.68182,0,8950,0,0,0,,,,,,,,87165,3808048.773
454,Cardozo EC,-77.02847079,38.9221722,Education Campus,campus,8,1,TRUE,2018,0.825396825,728,,,,882,8234748.389,3304571,2259707,56644,341729.85,0,0,0,,,,,,,,1410136,14197400.24
947,Choice Academy,-77.00677595,38.91350276,Alternative,other,7,5,FALSE,2018,NA,NA,,,,5,833033.8925,293055,0,0,50,0,0,0,,,,,,,,0,1126138.893
224,Cleveland ES,-77.02270718,38.91514495,Elementary,es,3,1,FALSE,2018,0.498480243,164,,,,329,3218726.108,562562,195370,82668,138720.89,0,0,0,,,,,,,,317668,4198046.998
442,Columbia Heights EC (CHEC),-77.03585831,38.92954443,Education Campus,campus,9,1,FALSE,2018,0.645714286,904,,,,1400,10309106.51,1718475,2617652,56644,528676,457685,0,0,,,,,,,,1751048,15688238.51
455,Coolidge HS,-77.01957825,38.96728422,High,hs,9,4,TRUE,2018,0.734449761,307,,,,418,4589957.416,1631524,390740,52598,168225.01,0,0,0,,,,,,,,594659,6953031.426
405,Deal MS,-77.07519907,38.95289641,Middle,ms,7,3,FALSE,2018,0.075718016,116,,,,1532,9841178.12,1562960,195370,0,36925,0,2151570.88,0,,,,,,,,224692,13788004
349,Dorothy Height ES,-77.03087,38.94452,Elementary,es,1,4,FALSE,2018,0.462264151,245,,,,530,4954158.976,945982.5,781480,0,216208.58,0,0,0,,,,,,,,474565,6897830.056
231,Drew ES,-76.91992701,38.89599364,Elementary,es,2,7,TRUE,2018,0.768683274,216,,,,281,2676196.493,692782.5,4440.227273,45258,107016.83,0,0,0,,,,,,,,418392,3525694.05
467,Dunbar HS,-77.01469386,38.90852322,High,hs,9,5,TRUE,2018,0.767973856,470,,,,612,6231614.999,2217634,97685,56644,283601.59,0,0,0,,,,,,,,910390,8887179.589
457,Eastern HS,-76.97968429,38.89040233,High,hs,9,6,FALSE,2018,0.732851986,609,,,,831,6737411.551,2951939.5,31081.59091,68782,422762.45,0,0,154011.0499,,,,,,,,1179633,10365988.14
232,Eaton ES,-77.06582114,38.93272674,Elementary,es,5,3,FALSE,2018,0.062761506,30,,,,478,3777428.486,439582.5,195370,0,11925,0,0,0,,,,,,,,58110,4424305.986
407,Eliot-Hine MS,-76.97897792,38.89243116,Middle,ms,7,6,TRUE,2018,0.708920188,151,,,,213,2492604.993,1195562,13320.68182,0,90712.31,0,0,0,,,,,,,,292487,3792199.985
471,Ellington School of the Arts,-77.07030757,38.91344604,Art,hs,8,2,FALSE,2018,0.309481216,173,,,,559,3940755.117,439582.5,17760.90909,0,13125,3001098.611,0,0,,,,,,,,335101,7412322.137
238,Garfield ES,-76.97080478,38.85173304,Elementary,es,1,8,TRUE,2018,0.848484848,252,,,,297,3063771.513,1003812.5,4440.227273,70198,140040.84,0,0,0,,,,,,,,488124,4285223.08
239,Garrison ES,-77.02861256,38.91390096,Elementary,es,3,2,FALSE,2018,0.474509804,121,,,,255,2532809.817,1081570,195370,70198,105696.86,0,0,0,,,,,,,,234377,3985644.677
227,H.D. Cooke ES,-77.03881058,38.92394275,Elementary,es,1,1,TRUE,2018,0.563636364,248,,,,440,4738192.807,586110,781480,95138,172184.89,0,0,0,,,,,,,,480376,6377485.697
246,Hardy MS,-77.0686139,38.9155087,Middle,ms,7,2,FALSE,2018,0.236979167,91,,,,384,3483411.833,945982.5,97685,0,69133.12,0,0,0,,,,,,,,176267,4596212.453
413,Hart MS,-76.99717875,38.83773754,Middle,ms,7,8,TRUE,2018,0.87987988,293,,,,333,3622953.972,1586302,8880.454545,0,167345.04,0,0,865637.7524,,,,,,,,567541,6254439.219
258,Hearst ES,-77.07195522,38.94072231,Elementary,es,4,3,FALSE,2018,0.099688474,32,,,,321,2957055.99,906127.5,195370,0,7800,0,0,0,,,,,,,,61984,4066353.49
249,Hendley ES,-76.99918485,38.82898558,Elementary,es,1,8,FALSE,2018,0.91011236,405,,,,445,4452767.354,855617,4440.227273,95138,204768.92,0,0,0,,,,,,,,784485,5617151.502
251,Houston ES,-76.92994765,38.90541499,Elementary,es,2,7,FALSE,2018,0.802721088,236,,,,294,2767894.173,1081570,17760.90909,70198,119336.46,0,0,0,,,,,,,,457132,4056759.542
252,Hyde-Addison ES,-77.06453782,38.90801923,Elementary,es,5,2,FALSE,2018,0.059701493,20,,,,335,3003594.556,370812.5,97685,0,8225,35000,0,0,,,,,,,,38740,3515317.056
950,Inspiring Youth Program,-76.97637892,38.88343057,Alternative,other,8,7,FALSE,2018,NA,NA,,,,38,589298.0675,488425,0,12138,1200,116943,0,0,,,,,,,,0,1208004.068
339,J.O. Wilson ES,-76.99658902,38.90275767,Elementary,es,3,6,FALSE,2018,0.485322896,248,,,,511,4712836.638,1112437.5,39962.04545,95138,218873.51,0,0,0,,,,,,,,480376,6179247.693
254,Janney ES,-77.08099483,38.94755009,Elementary,es,5,3,FALSE,2018,0.023287671,17,,,,730,5252034.195,634952.5,97685,0,18050,0,549280.305,0,,,,,,,,32929,6552002
433,Jefferson Middle School Academy,-77.02291066,38.8798706,Middle,ms,7,6,FALSE,2018,0.627009646,195,,,,311,3022570.379,1063595,8880.454545,0,119336.46,0,0,0,,,,,,,,377715,4214382.293
416,Johnson MS,-76.98370368,38.85133657,Middle,ms,7,8,TRUE,2018,0.889795918,218,,,,245,2965391.595,1177587,0,0,126376.25,0,0,0,,,,,,,,422266,4271784.845
421,Kelly Miller MS,-76.93245507,38.89331503,Middle,ms,7,7,TRUE,2018,0.710648148,307,,,,432,4346513.71,1504924,31081.59091,0,195529.2,0,0,0,,,,,,,,594659,6082368.501
257,Ketcham ES,-76.98362116,38.86604236,Elementary,es,3,8,TRUE,2018,0.875816993,268,,,,306,3135935.235,488425,8880.454545,57728,135640.98,0,0,0,,,,,,,,519116,3826609.669
272,Key ES,-77.10052732,38.9268015,Elementary,es,2,3,FALSE,2018,0.031941032,13,,,,407,3401769.54,439582.5,97685,0,9925,0,0,0,,,,,,,,25181,3948962.04
259,Kimball ES,-76.95757271,38.88308276,Elementary,es,3,7,TRUE,2018,0.812339332,316,,,,389,3540043.956,712710,0,82668,154560.42,0,0,0,,,,,,,,612092,4489982.376
344,"King, M.L. ES",-76.99823899,38.84244285,Elementary,es,1,8,TRUE,2018,0.885496183,348,,,,393,4091002.981,586110,13320.68182,57728,172624.88,0,0,0,,,,,,,,674076,4924686.543
417,Kramer MS,-76.98017131,38.87128607,Middle,ms,7,8,TRUE,2018,0.903381643,187,,,,207,2403353.166,1320494,8880.454545,0,107896.8,0,0,275229.6815,,,,,,,,362219,4115854.103
261,Lafayette ES,-77.06803712,38.96662722,Elementary,es,4,4,FALSE,2018,0.028241335,22,,,,779,5785893.388,692782.5,97685,0,19000,0,568643.1115,0,,,,,,,,42614,7164004
262,Langdon EC,-76.97708186,38.92470383,Elementary,es,6,5,FALSE,2018,0.579881657,196,,,,338,3073520.22,595097.5,97685,82668,131681.09,0,0,0,,,,,,,,379652,3980651.81
370,Langley ES,-77.00589039,38.91516256,Elementary,es,4,5,FALSE,2018,0.606271777,174,,,,287,2709879.002,1551814,97685,45258,124616.3,0,0,0,,,,,,,,337038,4529252.302
264,LaSalle-Backus EC,-76.99988254,38.95997181,Education Campus,campus,6,4,TRUE,2018,0.570666667,214,,,,375,3648718.471,1202881.5,683795,70198,149280.57,0,0,0,,,,,,,,414518,5754873.541
266,Leckie ES,-77.01289191,38.82819645,Elementary,es,2,8,FALSE,2018,0.415282392,250,,,,602,5120640.652,683795,22201.13636,120078,241752.82,0,0,0,,,,,,,,484250,6188467.608
271,Ludlow-Taylor ES,-76.99649249,38.89874381,Elementary,es,1,6,FALSE,2018,0.293670886,116,,,,395,3529789.056,1257012.5,17760.90909,145018,161185.21,0,0,0,,,,,,,,224692,5110765.675
884,Luke Moore Alternative HS,-76.99231633,38.93227605,Alternative,other,9,5,FALSE,2018,NA,NA,,,,393,2251998.19,537267.5,17760.90909,64736,131681.09,0,0,434326.3199,,,,,,,,0,3437770.009
420,MacFarland MS,-77.0273425,38.9439462,Middle,ms,9,4,FALSE,2018,0.690140845,98,,,,142,1846941.098,293055,195370,0,28184.16,0,0,0,,,,,,,,189826,2363550.258
308,Malcolm X ES @ Green,-76.98339858,38.84164506,Elementary,es,2,8,TRUE,2018,0.878326996,231,,,,263,2587798.304,660247,0,0,103496.93,0,0,0,,,,,,,,447447,3351542.234
273,Mann ES,-77.08782619,38.93429197,Elementary,es,5,3,FALSE,2018,0.022277228,9,,,,404,3472932.231,293055,97685,0,9475,0,0,0,,,,,,,,17433,3873147.231
284,Marie Reed ES,-77.04052995,38.91916731,Elementary,es,3,1,FALSE,2018,0.35678392,142,,,,398,3905759.437,880911.5,781480,145018,173064.86,35000,0,0,,,,,,,,275054,5921233.797
274,Maury ES,-76.9886575,38.89218486,Elementary,es,5,6,FALSE,2018,0.143920596,58,,,,403,3586466.745,439582.5,4440.227273,0,9725,0,0,0,,,,,,,,112346,4040214.473
435,McKinley MS,-77.00412244,38.91521979,Middle,ms,8,5,FALSE,2018,0.608108108,135,,,,222,2267994.309,909826.5,35521.81818,0,98632.08,0,0,0,,,,,,,,261495,3311974.707
458,McKinley Technology HS,-77.00488219,38.9152101,High,hs,8,5,FALSE,2018,0.395931142,253,,,,639,5063672.063,341897.5,35521.81818,0,284481.56,1680585.039,0,0,,,,,,,,490061,7406157.981
280,Miner ES,-76.98290432,38.89737568,Elementary,es,5,6,FALSE,2018,0.707571802,271,,,,383,3695187.27,965910,39962.04545,82668,173064.86,0,0,0,,,,,,,,524927,4956792.175
285,Moten ES,-76.98294365,38.85665719,Elementary,es,4,8,TRUE,2018,0.881235154,371,,,,421,3836364.487,615025,0,70198,183624.55,0,0,0,,,,,,,,718627,4705212.037
287,Murch ES,-77.07007921,38.95293319,Elementary,es,1,3,FALSE,2018,0.046793761,27,,,,577,4731248.191,566182.5,195370,0,14325,0,0,0,,,,,,,,52299,5507125.691
288,Nalle ES,-76.93079651,38.88595408,Elementary,es,2,7,TRUE,2018,0.802531646,317,,,,395,4119800.631,488425,17760.90909,0,169984.95,0,0,0,,,,,,,,614029,4795971.49
290,Noyes ES,-76.99184288,38.92517765,Elementary,es,6,5,TRUE,2018,0.711229947,133,,,,187,2111125.878,945982.5,97685,57728,84112.5,0,0,0,,,,,,,,257621,3296633.878
291,Orr ES,-76.97448402,38.87179682,Elementary,es,5,8,TRUE,2018,0.786729858,332,,,,422,4229053.391,586110,4440.227273,0,182744.58,0,0,0,,,,,,,,643084,5002348.199
292,Oyster-Adams Bilingual,-77.04437725,38.9173092,Education Campus,campus,3,3,FALSE,2018,0.113569322,77,,,,678,6293424.186,1054607.5,488425,0,16850,500000,0,0,,,,,,,,149149,8353306.686
294,Patterson ES,-77.00848471,38.82696603,Elementary,es,3,8,TRUE,2018,0.854219949,334,,,,391,3584977.175,1354697.5,0,107608,175264.8,0,0,0,,,,,,,,646958,5222547.475
295,Payne ES,-76.98419491,38.88513231,Elementary,es,2,6,FALSE,2018,0.578616352,184,,,,318,2910054.618,1260711.5,26641.36364,145018,133441.04,0,0,0,,,,,,,,356408,4475866.521
301,Peabody ES,-76.99985799,38.89289599,Elementary,es,2,6,FALSE,2018,0.12,27,,,,225,2432210.229,195370,0,0,5725,0,0,0,,,,,,,,52299,2633305.229
478,Phelps ACE HS,-76.97189763,38.90199169,High,hs,8,5,FALSE,2018,0.674121406,211,,,,313,3501069.733,488425,44402.27273,24276,132561.07,0,0,0,,,,,,,,408707,4190734.075
299,Plummer ES,-76.93993468,38.88723986,Elementary,es,1,7,FALSE,2018,0.795396419,311,,,,391,3666766.164,954970,97685,107608,177464.73,0,0,0,,,,,,,,602407,5004493.894
300,Powell ES,-77.03122742,38.94153401,Elementary,es,3,4,FALSE,2018,0.495344507,266,,,,537,4583999.384,634952.5,1269905,207368,221953.41,0,0,0,,,,,,,,515242,6918178.294
316,Randle Highlands ES,-76.96435628,38.8700914,Elementary,es,2,7,FALSE,2018,0.620289855,214,,,,345,3618853.282,488425,4440.227273,70198,147960.61,0,0,0,,,,,,,,414518,4333307.119
302,Raymond EC,-77.02643266,38.93581087,Education Campus,campus,6,4,FALSE,2018,0.595238095,375,,,,630,6324455.647,781480,1396505,82668,247937.64,0,0,0,,,,,,,,726375,8839336.287
304,River Terrace SEC,-76.95752,38.89495,Special Education Center,other,6,7,FALSE,2018,1,70,,,,0,1795251.203,2928107,26641.36364,32788,54168.4,0,0,0,,,,,,,,135590,4836955.967
436,Ron Brown College Preparatory High School,-76.9326919,38.9067948,High,hs,2,7,FALSE,2018,0.904545455,199,,,,220,2670258.421,586110,4440.227273,24276,51968.46,172500,0,0,,,,,,,,385463,3509553.109
459,Roosevelt HS,-77.02777634,38.94360818,High,hs,9,4,TRUE,2018,0.857771261,585,,,,682,6280326.564,2177779,1355507,64736,215768.6,150000,0,0,,,,,,,,1133145,10244117.16
456,Roosevelt STAY,-77.02777634,38.94360818,STAY,other,9,4,FALSE,2018,NA,NA,,,,612,3082836.562,537267.5,293055,0,16250,0,0,72026.69874,,,,,,,,0,4001435.761
305,Ross ES,-77.03966215,38.91239081,Elementary,es,4,2,FALSE,2018,0.040462428,7,,,,173,1973856.154,146527.5,97685,0,4275,0,0,0,,,,,,,,13559,2222343.654
307,Savoy ES,-76.99360426,38.86285165,Elementary,es,1,8,TRUE,2018,0.790419162,264,,,,334,3181719.545,586110,0,45258,152800.46,0,0,162895.3128,,,,,,,,511368,4128783.318
409,School Without Walls @ Francis-Stevens,-77.052321,38.90746917,Education Campus,campus,9,2,FALSE,2018,0.251028807,122,,,,486,4409600.605,974897.5,195370,0,11800,0,0,0,,,,,,,,236314,5591668.105
466,School Without Walls HS,-77.04818647,38.89812379,High,hs,9,2,FALSE,2018,0.17699115,100,,,,565,4063383.6,244212.5,0,0,15025,495436,446943.9001,0,,,,,,,,193700,5265001
175,School-Within-School @ Goding,-76.99318302,38.89756466,Elementary,es,1,6,FALSE,2018,0.077181208,23,,,,298,2802558.612,1150340,4440.227273,0,7650,0,0,0,,,,,,,,44551,3964988.839
309,Seaton ES,-77.02488247,38.91061836,Elementary,es,4,6,FALSE,2018,0.508064516,189,,,,372,3429958.364,983885,586110,82668,134761,0,0,0,,,,,,,,366093,5217382.364
313,Shepherd ES,-77.03399523,38.98460295,Elementary,es,1,4,FALSE,2018,0.166219839,62,,,,373,3486015.646,390740,97685,0,9025,0,0,0,,,,,,,,120094,3983465.646
315,Simon ES,-77.000195,38.8359802,Elementary,es,4,8,TRUE,2018,0.764044944,204,,,,267,2733277.563,595097.5,13320.68182,0,131681.09,0,0,0,,,,,,,,395148,3473376.835
322,Smothers ES,-76.93846864,38.8935537,Elementary,es,5,7,TRUE,2018,0.777777778,203,,,,261,2642360.323,741625,97685,70198,123296.34,0,0,0,,,,,,,,393211,3675164.663
427,Sousa MS,-76.95315885,38.88389408,Middle,ms,7,7,FALSE,2018,0.724137931,189,,,,261,2646437.456,965910,0,0,110976.71,0,0,0,,,,,,,,366093,3723324.166
319,Stanton ES,-76.96849023,38.85927177,Elementary,es,2,8,TRUE,2018,0.8791423,451,,,,513,4457062.979,683795,0,95138,228993.2,0,0,0,,,,,,,,873587,5464989.179
321,Stoddert ES,-77.0790738,38.92304431,Elementary,es,5,3,FALSE,2018,0.075471698,32,,,,424,3734253.66,341897.5,293055,0,10875,0,0,0,,,,,,,,61984,4380081.16
428,Stuart-Hobson MS,-77.00000438,38.89629737,Middle,ms,7,6,FALSE,2018,0.335632184,146,,,,435,3786139.621,761552.5,13320.68182,0,83057.72,0,0,0,,,,,,,,282802,4644070.523
324,Takoma EC,-77.02279493,38.97504254,Education Campus,campus,6,4,FALSE,2018,0.485106383,228,,,,470,4244307,1305855,586110,120078,204328.94,0,0,0,,,,,,,,441636,6460678.94
325,Thomas ES,-76.95211091,38.90127864,Elementary,es,1,7,TRUE,2018,0.73255814,315,,,,430,4368309.094,1092510,22201.13636,107608,179664.67,0,0,0,,,,,,,,610155,5774572.9
326,Thomson ES,-77.02843003,38.903496,Elementary,es,1,2,FALSE,2018,0.429967427,132,,,,307,3056295.462,390740,683795,120078,124616.3,0,0,0,,,,,,,,255684,4375524.762
327,Truesdell EC,-77.02507158,38.95396836,Education Campus,campus,6,4,FALSE,2018,0.640990371,466,,,,727,5945202.362,976850,1494190,107608,255417.42,0,0,0,,,,,,,,902642,8779267.782
328,Tubman ES,-77.0294433,38.92919824,Elementary,es,4,1,FALSE,2018,0.625239006,327,,,,523,4454499.247,1161280,1269905,70198,237352.95,0,0,0,,,,,,,,633399,7193235.197
329,Turner ES,-76.98030993,38.84763494,Elementary,es,1,8,TRUE,2018,0.864603482,447,,,,517,5040562.675,888152.5,13320.68182,82668,202568.99,0,0,0,,,,,,,,865839,6232412.847
330,Tyler ES,-76.99204166,38.88108402,Elementary,es,3,6,TRUE,2018,0.39047619,205,,,,525,4637949.785,1334770,48842.5,70198,225913.29,0,0,0,,,,,,,,397085,6317673.575
331,Van Ness ES,-76.99914,38.87675,Elementary,es,3,6,FALSE,2018,0.222727273,49,,,,220,2212892.915,435962,4440.227273,0,4275,0,0,0,,,,,,,,94913,2657570.142
332,Walker-Jones EC,-77.01391586,38.90419176,Education Campus,campus,5,6,TRUE,2018,0.802083333,385,,,,480,4308934.089,1541080,39962.04545,95138,197729.13,0,0,0,,,,,,,,745745,6182843.264
474,Washington Metropolitan HS,-77.01558467,38.92042978,High,hs,8,1,FALSE,2018,NA,NA,,,,270,2250855.555,933374.5,4440.227273,48552,66048.03,0,0,115831.4678,,,,,,,,0,3419101.78
333,Watkins ES,-76.98999677,38.88346667,Elementary,es,2,6,FALSE,2018,0.276995305,118,,,,426,3429024.675,537267.5,31081.59091,107608,10875,0,0,43566.24379,,,,,,,,228566,4159423.01
336,West EC,-77.03225306,38.95136708,Education Campus,campus,6,4,FALSE,2018,0.484149856,168,,,,347,3607734.843,537267.5,293055,70198,131241.11,0,0,0,,,,,,,,325416,4639496.453
335,Wheatley EC,-76.98850077,38.90411741,Education Campus,campus,5,5,TRUE,2018,0.769005848,263,,,,342,3581725.455,781480,97685,57728,156320.36,0,0,250006.348,,,,,,,,509431,4924945.163
338,Whittier EC,-77.0192386,38.96585694,Education Campus,campus,6,4,FALSE,2018,0.647761194,217,,,,335,3632527.256,1383612.5,195370,82668,158520.3,0,0,0,,,,,,,,420329,5452698.056
463,Wilson HS,-77.0777752,38.95015581,High,hs,8,3,FALSE,2018,0.343839542,600,,,,1745,12388218.08,2460100,586110,72828,43875,0,153875.9232,0,,,,,,,,1162200,15705007
464,"Woodson, H.D. HS",-76.92232214,38.89678282,High,hs,9,7,TRUE,2018,0.799011532,485,,,,607,6544767.69,2286404,13320.68182,80920,288441.44,0,0,0,,,,,,,,939445,9434707.812
861,Youth Services Center,-76.98858584,38.91213926,Alternative,other,8,5,FALSE,2018,NA,NA,,,,91,1260477.519,634952.5,8880.454545,0,2400,1030650,0,0,,,,,,,,0,2937360.474